City,NoOfChildren,MinAgeOfChild,MaxAgeOfChild,NoOfGamesBought,FavoriteGame,TotalRevenueGenerated
1,2,3,8,10,Uniform,107.51
1,2,3,6,7,Uniform,382.4
1,4,3,5,18,Uniform,135.01
1,1,6,6,11,Uniform,125
1,3,6,9,44,Uniform,335.05
1,2,3,4,16,Favorite,150
1,3,8,12,25,Favorite,127.5
1,2,6,8,13,Uniform,122.5
1,4,6,9,16,Uniform,164.96
2,3,5,6,15,Uniform,112.62
1,1,5,5,3,Favorite,211.92
1,3,4,9,17,Uniform,125.04
1,1,4,4,15,Uniform,167.5
1,4,5,7,36,Uniform,202.5
1,2,4,7,14,Uniform,105.5
1,2,3,5,6,Uniform,117.5
1,1,6,6,11,Uniform,175
1,1,7,7,14,Uniform,181.71
1,2,6,7,0,Uniform,144.93
1,2,4,7,8,Uniform,182.36
1,3,4,10,6,Uniform,100
1,2,3,6,11,Uniform,199.93
1,1,8,8,18,Uniform,172.5
1,1,4,4,12,Uniform,348.09
1,2,5,7,16,Uniform,185.02
1,2,5,8,3,Uniform,139.99
1,2,6,6,12,Uniform,135
1,4,3,7,51,Uniform,388.01
1,3,3,13,17,Uniform,152.51
1,5,2,7,26,Uniform,205.01
1,1,7,7,8,Uniform,100
1,1,7,7,8,Uniform,144.99
1,4,3,7,20,Uniform,117.5
1,2,4,6,14,Uniform,125
1,1,5,5,19,Uniform,159.97
1,2,5,6,13,Uniform,102.53
1,2,4,7,12,Uniform,172.95
1,1,6,6,10,Uniform,127.5
1,2,3,6,23,Uniform,182.5
1,3,3,6,5,Uniform,215.98
1,1,6,6,11,Favorite,106.73
1,2,4,7,16,Uniform,107.5
1,1,6,6,28,Uniform,260.9
1,4,5,9,12,Uniform,120.01
1,1,5,5,4,Uniform,140
1,1,7,7,28,Uniform,182.5
1,2,3,6,23,Uniform,281.25
1,3,6,10,36,Uniform,275
1,2,6,8,14,Uniform,102.5
1,4,5,9,15,Uniform,254.99
2,1,6,6,15,Uniform,117.71
1,4,3,13,16,Uniform,122.25
1,3,5,11,2,Favorite,149.99
1,2,3,6,12,Uniform,102.5
2,1,7,7,16,Uniform,206.05
2,2,4,7,13,Uniform,200.8
1,2,4,6,16,Uniform,139.48
1,2,3,7,0,Uniform,129.99
1,4,5,12,12,Uniform,107.5
1,3,5,9,41,Uniform,496
1,1,6,6,5,Uniform,167.48
1,3,5,7,11,Uniform,414.15
1,7,5,20,25,Uniform,181.5
1,2,2,5,15,Uniform,102.5
1,3,1,6,9,Uniform,130.44
2,2,3,5,19,Uniform,147.19
2,1,5,5,12,Uniform,116.11
2,2,4,6,8,Uniform,113.45
2,3,3,7,14,Uniform,115.57
2,2,6,12,13,Uniform,127.63
2,4,5,9,12,Uniform,106.63
2,2,2,5,15,Uniform,142.63
2,2,5,7,9,Uniform,143.32
2,2,3,6,7,Uniform,103.83
2,2,4,5,14,Uniform,195.3
2,3,6,8,14,Uniform,129.01
2,2,4,5,13,Uniform,135.2
2,3,5,20,20,Uniform,192.01
2,1,5,5,7,Uniform,105.09
2,2,3,6,15,Uniform,156.69
2,2,5,7,12,Uniform,114.45
2,1,15,15,17,Uniform,317.64
2,1,5,5,11,Uniform,145.09
2,2,4,7,19,Uniform,142.12
2,2,3,5,6,Uniform,108.59
2,2,6,8,17,Uniform,258.48
2,1,7,7,9,Uniform,108.34
2,1,6,6,9,Uniform,103.9
2,1,4,4,13,Uniform,129.02
2,2,5,7,10,Uniform,108.08
2,3,1,5,19,Uniform,128.11
2,1,5,5,11,Favorite,105.83
2,2,3,6,6,Uniform,113.77
2,2,4,6,14,Uniform,113.34
2,2,6,10,10,Uniform,134.45
2,2,6,7,8,Uniform,124.41
2,1,8,8,13,Uniform,101.24
2,2,6,6,15,Uniform,201.33
2,1,5,5,14,Uniform,179.25
2,1,5,5,10,Uniform,143.6
2,1,5,5,13,Uniform,108.02
2,2,4,6,7,Uniform,125.22
2,2,4,7,17,Uniform,223.43
2,2,5,6,12,Uniform,111.47
2,1,6,6,29,Uniform,309.93
2,1,3,3,17,Uniform,139.66
2,2,6,7,28,Uniform,358.51
2,1,6,6,6,Uniform,101.22
2,1,4,4,14,Uniform,147.37
2,1,4,4,11,Uniform,127.98
2,3,3,7,8,Uniform,102.48
2,3,4,6,10,Favorite,135.71
2,2,6,7,11,Uniform,100.88
2,2,8,8,19,Uniform,322.2
2,4,4,7,12,Uniform,160.48
2,1,5,5,9,Uniform,181.51
2,2,7,9,14,Uniform,154.07
2,2,5,8,8,Uniform,104.24
2,5,4,9,16,Uniform,171.77
2,3,5,9,10,Uniform,100.13
2,2,5,7,6,Uniform,123.06
2,1,6,6,26,Uniform,196.52
2,2,7,8,14,Uniform,196.3
2,5,4,12,10,Uniform,123.03
2,2,4,6,47,Uniform,662.48
2,2,5,7,11,Uniform,138.43
2,3,3,8,8,Uniform,111.11
2,4,6,11,12,Uniform,156.33
2,3,4,6,16,Uniform,105.95
2,3,7,11,19,Uniform,149.1
2,2,3,5,9,Uniform,117.17
2,1,5,5,13,Uniform,122.2
2,1,7,7,8,Uniform,101.58
2,2,5,7,13,Uniform,142.64
2,1,7,7,10,Uniform,124.9
2,2,7,10,10,Uniform,101.85
2,2,4,5,12,Uniform,177.31
2,1,7,7,19,Uniform,179.93
2,2,5,6,19,Uniform,222.1
2,1,6,6,13,Uniform,156.67
2,5,2,9,11,Uniform,103.29
2,1,5,5,15,Uniform,139.56
2,3,5,11,13,Uniform,113.35
2,2,4,6,13,Uniform,129.17
2,1,6,6,20,Uniform,146.7
2,1,6,6,11,Uniform,178.13
2,2,5,9,11,Uniform,111.68
2,1,7,7,14,Uniform,119.77
2,1,5,5,11,Uniform,120.47
2,1,7,7,10,Uniform,117.23
2,1,7,7,11,Uniform,159.69
2,3,5,7,9,Uniform,112.89
2,2,7,7,7,Uniform,101.2
2,2,4,9,13,Uniform,118.12
2,2,5,7,11,Uniform,103.04
2,2,3,5,21,Uniform,207.86
2,1,7,7,7,Uniform,117.74
2,1,7,7,11,Uniform,110.43
2,2,6,6,12,Uniform,162.81
2,2,3,6,18,Uniform,132.27
2,2,4,7,14,Uniform,169.5
2,2,6,9,8,Uniform,108.47
2,2,5,7,13,Uniform,157.3
2,2,4,6,12,Uniform,118.1
2,2,3,6,15,Uniform,107.49
2,1,7,7,12,Uniform,162.7
2,1,6,6,12,Uniform,132.73
2,2,4,6,29,Uniform,291.08
2,1,9,9,18,Uniform,167.81
2,2,4,6,14,Uniform,136.56
2,3,6,10,17,Uniform,134.89
2,1,7,7,8,Uniform,119.2
2,1,6,6,12,Uniform,125.38
2,1,6,6,12,Uniform,112.91
2,1,6,6,13,Uniform,150.76
2,2,7,11,13,Uniform,176.27
2,2,4,6,16,Favorite,131.06
2,1,6,6,5,Uniform,111.03
2,1,6,6,9,Uniform,127.98
2,2,6,8,10,Uniform,128.38
2,1,5,5,5,Favorite,113.71
2,1,7,7,10,Uniform,189.51
2,1,7,7,8,Uniform,157.43
2,2,6,21,12,Uniform,190.31
2,1,7,7,10,Uniform,167.92
2,3,5,21,8,Uniform,114.82
2,3,7,20,16,Uniform,179.66
2,1,6,6,15,Uniform,239.71
2,1,5,5,10,Uniform,121.9
2,3,4,7,16,Uniform,147.17
2,2,4,6,13,Uniform,231.79
2,1,6,6,12,Uniform,132.7
2,3,3,6,13,Uniform,121.67
2,1,5,5,11,Uniform,124.16
2,4,4,12,17,Uniform,200.4
2,2,4,6,14,Uniform,133.37
2,2,6,9,10,Uniform,112.08
2,2,4,8,7,Uniform,109.34
2,1,6,6,8,Uniform,102.48
2,2,2,6,8,Uniform,125.94
2,6,4,9,24,Uniform,260.42
2,3,5,9,19,Uniform,208.59
2,1,5,5,8,Uniform,139.69
2,1,6,6,7,Uniform,124.33
2,3,7,9,23,Uniform,315.16
2,2,5,8,14,Uniform,122.83
2,3,11,15,19,Uniform,300.37
2,1,6,6,15,Uniform,136.78
2,2,5,6,12,Uniform,114.58
2,2,3,7,18,Uniform,141.65
2,2,5,8,15,Uniform,135.57
2,2,4,6,12,Uniform,121.29
2,3,5,6,13,Uniform,117.2
2,2,5,7,11,Uniform,121.97
2,1,5,5,9,Uniform,104.67
2,3,6,8,11,Uniform,124.51
2,3,4,6,12,Uniform,115.64
2,1,6,6,18,Uniform,203.62
2,3,8,8,13,Uniform,101.73
2,2,6,6,41,Uniform,469.56
2,2,3,7,11,Uniform,104.34
2,1,6,6,16,Uniform,202.45
2,1,5,5,13,Uniform,106.43
2,1,5,5,10,Uniform,157.67
2,1,4,4,19,Uniform,280.66
2,1,7,7,10,Uniform,161.14
2,2,5,5,18,Uniform,186.6
2,1,5,5,12,Uniform,160.64
2,1,6,6,10,Uniform,105.85
2,1,7,7,14,Uniform,113.2
2,1,8,8,7,Favorite,107.66
2,2,5,7,9,Uniform,103.87
2,2,7,11,19,Favorite,139.19
2,1,7,7,11,Uniform,106.8
2,2,5,10,9,Uniform,124.76
2,1,5,5,7,Uniform,104.25
2,2,15,15,21,Uniform,112.62
2,1,7,7,21,Uniform,313.08
2,2,6,8,9,Uniform,102.58
2,2,3,5,10,Uniform,100.68
2,2,5,5,14,Uniform,140.88
2,1,4,4,21,Uniform,174.1
2,1,5,5,10,Uniform,114.99
2,3,2,7,29,Uniform,375.2
2,2,4,5,10,Uniform,129.55
2,3,6,14,18,Uniform,135.55
2,3,4,13,11,Uniform,134.48
2,1,6,6,11,Uniform,144.31
2,1,5,5,19,Uniform,278.01
2,1,5,5,26,Uniform,162.51
2,1,6,6,7,Uniform,103.26
2,1,5,5,14,Uniform,124.15
2,4,6,9,13,Uniform,191.34
2,2,5,5,13,Uniform,147.69
2,2,5,9,12,Uniform,116.26
2,1,5,5,33,Uniform,275.83
2,2,4,6,10,Uniform,119.23
2,1,6,6,14,Uniform,117.16
2,1,6,6,22,Uniform,130.55
2,3,6,12,16,Uniform,147.19
2,1,5,5,16,Uniform,135.99
2,1,11,11,12,Uniform,164.47
2,2,2,5,14,Uniform,170.75
2,2,6,7,16,Uniform,153.28
2,1,6,6,15,Uniform,161.39
2,3,4,18,12,Uniform,127.38
2,2,7,9,11,Uniform,122.53
2,2,6,6,29,Uniform,313.85
2,4,5,7,9,Uniform,104.19
2,2,3,6,13,Uniform,131.46
2,2,7,10,18,Uniform,189.62
2,3,3,6,14,Uniform,154.38
2,3,3,7,6,Favorite,112.17
2,1,6,6,12,Uniform,108.65
2,3,1,5,13,Uniform,105.9
2,2,5,6,12,Uniform,148.38
2,1,5,5,20,Uniform,112.09
2,3,3,11,14,Uniform,116.72
2,1,8,8,8,Uniform,101.64
2,1,6,6,14,Uniform,113.55
2,1,6,6,10,Uniform,112.8
2,1,7,7,5,Uniform,120.59
2,2,5,8,12,Uniform,148.06
2,2,5,5,12,Uniform,100.21
2,2,4,5,12,Uniform,113.77
2,2,5,6,32,Uniform,245.38
2,1,5,5,12,Uniform,121.53
2,3,6,10,22,Uniform,190.73
2,1,5,5,13,Uniform,125.18
2,1,5,5,15,Uniform,128
2,1,5,5,10,Uniform,111.04
2,3,5,7,14,Uniform,114.26
2,3,3,13,12,Uniform,126.03
2,1,5,5,22,Uniform,243.9
2,3,4,8,8,Uniform,116.89
2,2,7,9,12,Uniform,142.84
2,2,3,6,7,Uniform,104.12
2,2,5,7,16,Uniform,114.33
2,1,5,5,9,Uniform,111.18
2,3,5,7,15,Uniform,109.46
2,3,3,6,12,Uniform,147.56
2,2,3,6,15,Uniform,162.19
2,2,4,6,15,Uniform,181.57
2,2,6,9,5,Uniform,107.53
2,2,4,6,9,Favorite,150.88
2,1,8,8,18,Uniform,138.56
2,1,4,4,13,Uniform,113.95
2,1,6,6,6,Uniform,103.51
2,1,6,6,16,Uniform,137.24
2,1,7,7,13,Uniform,115.29
2,1,6,6,11,Uniform,123.91
2,1,6,6,29,Uniform,242.12
2,1,7,7,15,Uniform,154.71
2,2,3,5,6,Uniform,101.67
2,2,5,7,10,Uniform,139.68
2,1,6,6,22,Uniform,222.87
2,1,6,6,9,Uniform,124.2
2,2,4,7,12,Uniform,106.05
2,2,4,6,16,Uniform,133.59
2,1,5,5,15,Uniform,101.12
2,2,5,7,14,Uniform,157.27
2,5,1,6,16,Uniform,166.87
2,2,6,19,8,Uniform,105.83
2,1,5,5,7,Uniform,135.99
2,5,4,19,14,Uniform,168.38
2,3,5,10,12,Uniform,111.79
2,2,6,20,9,Favorite,110.11
2,1,4,4,12,Favorite,111.45
2,2,3,6,13,Uniform,106.3
2,1,5,5,14,Uniform,161.82
2,3,5,7,19,Uniform,214.22
2,1,5,5,8,Uniform,118.31
2,2,4,4,10,Uniform,141.69
2,2,5,20,9,Uniform,104.62
2,3,6,13,9,Uniform,138.52
2,1,6,6,17,Favorite,240.34
2,1,5,5,8,Uniform,116.45
2,3,5,9,13,Uniform,103.79
2,2,4,8,10,Uniform,102.72
2,2,5,6,8,Uniform,102.54
2,3,7,20,11,Uniform,143.05
2,1,5,5,10,Uniform,125.32
2,2,6,8,9,Uniform,168.44
2,1,4,4,11,Uniform,134.21
2,1,5,5,15,Uniform,169.47
2,1,5,5,17,Uniform,179.63
2,2,4,7,12,Uniform,112.59
2,3,1,5,21,Uniform,202.08
2,2,6,6,17,Uniform,192.1
2,1,3,3,10,Uniform,115.31
2,2,4,7,7,Uniform,113.98
2,2,5,7,27,Uniform,380.34
2,2,6,9,8,Uniform,112.48
2,1,4,4,18,Uniform,143.05
2,1,5,5,13,Uniform,125.4
2,2,4,6,13,Uniform,116.26
2,1,5,5,51,Uniform,582.26
2,1,4,4,9,Uniform,101.55
2,3,3,6,19,Uniform,147.36
2,3,8,11,13,Uniform,102.18
2,2,6,6,9,Uniform,130.23
2,1,6,6,17,Uniform,242.87
2,2,5,5,15,Uniform,188.29
2,2,2,5,16,Uniform,131.67
2,1,5,5,17,Uniform,184.62
2,2,6,6,11,Uniform,182.08
2,1,5,5,11,Uniform,157.64
2,2,4,6,10,Uniform,171.97
2,1,4,4,17,Uniform,138.56
2,2,5,7,12,Uniform,108.71
2,3,4,6,13,Uniform,109.17
2,2,4,4,10,Uniform,112.08
1,2,5,7,10,Uniform,115.98
1,2,2,4,15,Uniform,130
1,2,4,7,12,Uniform,152.5
1,2,2,4,17,Uniform,117.5
1,2,3,4,49,Uniform,489
1,1,8,8,11,Uniform,102.5
2,2,3,6,39,Uniform,340.02
1,2,3,5,15,Favorite,107.5
1,3,7,16,17,Uniform,139.12
1,1,6,6,15,Uniform,145.51
1,4,3,20,24,Uniform,241.98
1,3,3,6,15,Uniform,107.5
1,2,6,7,31,Uniform,192.5
1,2,3,6,20,Uniform,110
1,2,4,6,22,Uniform,152.5
1,1,5,5,3,Uniform,106.45
1,3,4,6,1,Uniform,103.35
1,2,5,5,6,Uniform,125.96
1,2,3,4,19,Uniform,180.03
1,3,3,9,11,Uniform,165.48
1,2,6,9,19,Uniform,135
1,1,5,5,19,Uniform,125
1,5,3,9,15,Uniform,105
1,2,4,6,26,Uniform,165
1,3,4,7,14,Uniform,102.51
1,3,4,6,10,Uniform,100
1,2,6,8,30,Uniform,299
1,2,5,5,8,Uniform,116.8
1,1,7,7,0,Favorite,129.99
1,7,5,15,12,Uniform,130
1,2,4,6,11,Uniform,125
1,3,1,7,11,Uniform,122.51
1,5,3,14,13,Uniform,157.5
1,2,5,9,0,Uniform,106.31
1,1,3,3,29,Uniform,315
1,2,3,5,17,Uniform,127.51
1,2,6,9,19,Uniform,260
1,1,8,8,13,Uniform,102.5
2,3,5,9,6,Uniform,111.53
1,2,5,7,22,Uniform,239.23
1,7,6,13,54,Uniform,537.53
1,1,5,5,19,Uniform,160.5
1,4,5,9,17,Uniform,200
1,2,5,7,18,Uniform,150
1,2,6,8,1,Favorite,150.36
1,2,3,5,11,Uniform,130.48
1,2,3,6,15,Uniform,290.89
1,1,6,6,0,Uniform,174.97
1,3,4,6,33,Uniform,316.23
1,2,6,8,16,Uniform,117.5
1,1,3,3,15,Uniform,137.5
1,2,5,8,12,Uniform,100
1,3,3,6,13,Uniform,127.5
1,1,4,4,17,Uniform,142.51
1,1,6,6,12,Uniform,115
1,1,4,4,10,Uniform,133.89
1,2,3,6,14,Uniform,209.61
1,2,5,7,22,Uniform,203.22
1,5,4,7,4,Uniform,109.96
1,3,6,7,16,Uniform,115
1,1,7,7,14,Uniform,147.5
1,2,6,8,13,Uniform,135.01
2,2,8,8,12,Favorite,150.4
1,1,4,4,9,Favorite,124.98
1,2,4,6,12,Uniform,147.94
1,2,7,10,10,Uniform,113.14
1,2,4,5,20,Uniform,179.97
1,2,5,5,11,Uniform,115
1,3,5,7,38,Uniform,497.48
1,3,5,9,14,Uniform,120
1,2,2,4,17,Uniform,124.98
1,2,5,8,13,Uniform,162.49
1,1,5,5,24,Uniform,227.5
1,3,3,5,34,Uniform,604.75
1,2,3,6,26,Uniform,133.55
1,2,6,6,1,Uniform,123.7
1,4,3,6,22,Uniform,107.5
1,2,3,6,17,Uniform,102.51
1,1,6,6,12,Uniform,117.5
1,1,10,10,0,Uniform,125.83
1,3,5,10,18,Uniform,165.04
1,3,4,8,15,Uniform,107.5
1,1,7,7,10,Uniform,137.51
1,3,4,9,8,Uniform,157.44
1,1,4,4,12,Uniform,122.5
1,1,5,5,3,Uniform,167.93
1,3,6,9,16,Uniform,140.01
1,1,6,6,19,Uniform,226.22
1,2,6,8,8,Uniform,234.93
1,3,4,7,4,Uniform,119.96
2,7,1,6,42,Uniform,439.57
1,3,3,8,11,Uniform,110
1,2,2,4,34,Uniform,212.53
1,3,6,8,13,Uniform,112.48
1,1,6,6,19,Uniform,135
1,1,6,6,14,Uniform,112.5
1,2,7,7,8,Uniform,105
1,2,3,7,29,Uniform,170
1,5,1,5,21,Uniform,142.5
1,2,4,5,16,Uniform,155.01
2,3,5,7,29,Uniform,278.74
1,2,7,10,16,Uniform,127.47
1,2,4,6,26,Uniform,180.37
1,2,5,7,1,Uniform,139.99
1,1,5,5,4,Uniform,219.98
1,1,6,6,12,Uniform,132.5
2,2,4,6,10,Uniform,128.97
1,2,3,6,2,Uniform,234.99
1,2,3,5,36,Uniform,312.51
1,3,6,8,21,Uniform,110.01
1,1,6,6,14,Uniform,138.25
1,3,7,11,5,Uniform,239.97
1,2,3,6,21,Uniform,222.5
1,3,5,7,22,Uniform,287.5
1,1,3,3,19,Uniform,112.5
1,2,3,7,10,Favorite,287.46
1,3,7,11,23,Uniform,246.46
1,2,8,10,22,Uniform,157.49
1,6,5,11,17,Uniform,180
1,3,6,10,13,Uniform,140
1,1,9,9,6,Favorite,137.5
1,2,4,7,25,Uniform,208.72
1,1,7,7,11,Uniform,170
1,1,9,9,13,Uniform,132.49
1,3,6,10,18,Uniform,120
1,2,3,6,10,Uniform,118.62
1,1,5,5,7,Uniform,102.5
1,2,3,7,23,Uniform,361.21
1,1,6,6,8,Uniform,102.5
1,1,6,6,4,Uniform,106.21
1,2,9,9,10,Uniform,120
1,2,4,7,0,Uniform,184.97
1,2,9,11,12,Uniform,122.51
1,1,6,6,24,Uniform,125.5
1,1,6,6,5,Uniform,113.47
1,4,4,8,26,Uniform,127.5
1,2,8,12,2,Uniform,121.69
1,1,6,6,12,Uniform,125
1,1,5,5,20,Uniform,142.5
1,2,5,7,8,Uniform,132.98
1,2,5,10,11,Uniform,293.03
1,1,9,9,6,Favorite,159.97
1,2,5,7,20,Uniform,120
1,1,6,6,19,Uniform,130
1,1,7,7,15,Uniform,123.51
1,2,7,7,23,Uniform,205
1,2,4,6,21,Uniform,400.9
1,3,5,9,13,Uniform,445.46
1,1,6,6,8,Uniform,110.64
1,2,6,8,13,Uniform,145
1,2,4,6,7,Uniform,125
1,2,4,6,10,Uniform,108.73
1,2,6,8,21,Favorite,300
1,1,5,5,11,Uniform,145
1,2,6,10,11,Favorite,113.42
1,2,5,7,15,Uniform,117.53
1,2,5,8,20,Uniform,271.19
1,2,4,6,13,Uniform,252.49
1,2,6,8,11,Uniform,183.44
1,1,7,7,13,Uniform,237.44
1,3,7,11,16,Uniform,172.5
1,4,7,14,1,Favorite,122.4
1,2,7,12,10,Uniform,126.5
1,1,8,8,0,Uniform,151.74
1,2,10,10,11,Uniform,102.5
1,2,7,10,17,Uniform,140.47
1,2,3,5,24,Uniform,157.99
1,1,4,4,15,Uniform,132.49
1,2,3,6,28,Uniform,227.51
1,4,4,9,17,Uniform,132.5
1,1,7,7,14,Uniform,193.74
1,4,2,7,11,Uniform,105
1,2,3,3,16,Uniform,305.89
1,3,8,12,17,Uniform,127.51
1,1,5,5,9,Uniform,105
1,1,7,7,11,Uniform,127.99
1,1,8,8,11,Uniform,105.01
1,2,8,9,12,Uniform,115
1,2,5,8,26,Uniform,229.97
1,2,5,7,0,Uniform,142.39
1,2,3,5,10,Uniform,197.46
1,1,8,8,17,Favorite,145
1,1,5,5,5,Uniform,197.73
1,1,9,9,12,Uniform,100.08
1,2,6,8,20,Uniform,137.5
1,2,6,8,36,Uniform,207.5
1,2,4,8,20,Uniform,212.5
1,2,5,6,8,Uniform,175.89
1,2,4,7,4,Uniform,112.46
1,2,3,5,14,Uniform,177.48
1,2,6,8,8,Uniform,105
1,3,4,11,14,Uniform,135
1,3,3,7,19,Uniform,267.87
1,2,5,7,19,Uniform,127.5
1,2,7,12,7,Uniform,124.98
1,3,4,8,2,Uniform,171.75
1,2,4,8,19,Uniform,102.5
1,2,5,7,29,Uniform,203.5
1,2,4,113,8,Uniform,218.85
1,2,5,8,2,Uniform,254.99
1,1,6,6,27,Uniform,295
1,1,6,6,12,Uniform,112.51
1,3,3,10,12,Uniform,112.51
1,1,8,8,11,Uniform,121.98
1,3,5,8,20,Uniform,180
1,1,7,7,14,Favorite,132.5
1,2,5,7,14,Uniform,107.5
1,2,6,8,39,Uniform,185
1,2,4,8,21,Uniform,175
1,2,4,6,10,Uniform,288.2
1,2,7,7,24,Uniform,290.94
1,2,6,8,14,Uniform,105
1,2,3,113,0,Uniform,100.44
1,2,4,7,3,Favorite,150.59
1,2,4,5,20,Uniform,137.5
1,2,4,6,0,Uniform,209.95
1,3,4,8,4,Uniform,119.47
1,3,8,22,29,Uniform,125.01
1,2,4,7,32,Uniform,282.5
1,1,6,6,11,Uniform,100.63
1,3,3,8,14,Uniform,115.03
1,1,11,11,11,Uniform,137.97
1,2,6,8,9,Uniform,107.51
1,3,4,8,15,Uniform,217.5
1,1,7,7,9,Uniform,125.49
1,1,6,6,11,Uniform,130
1,1,7,7,22,Uniform,110
1,2,113,113,26,Uniform,300
1,2,5,5,15,Uniform,189.88
1,2,8,8,4,Uniform,397.5
1,3,6,12,23,Uniform,267.5
1,2,5,7,20,Uniform,152
1,3,5,21,19,Uniform,216.25
1,1,7,7,11,Uniform,140
1,2,8,9,20,Uniform,130
1,2,5,8,4,Uniform,132.83
1,3,5,10,10,Uniform,135
1,1,5,5,10,Uniform,105.93
1,3,7,10,4,Uniform,120.79
1,3,2,8,0,Uniform,124.92
1,3,3,9,21,Uniform,150
1,2,4,6,13,Uniform,142.5
1,3,2,3,17,Uniform,280
1,1,8,8,9,Uniform,145.25
1,2,7,8,20,Uniform,112.52
1,1,5,5,10,Uniform,159.67
1,2,4,7,16,Uniform,185
1,2,3,7,4,Favorite,112.21
1,2,6,7,13,Uniform,111.01
1,1,5,5,12,Uniform,107.51
1,1,8,8,15,Uniform,108.75
1,2,5,6,18,Uniform,180
1,2,5,7,17,Uniform,110
1,3,7,18,9,Uniform,188.84
1,2,4,7,13,Uniform,100
1,2,5,7,23,Uniform,203.61
1,2,4,7,7,Uniform,149.99
1,2,4,6,17,Uniform,202.5
1,3,1,7,0,Uniform,144.96
1,2,6,6,34,Uniform,197.54
1,2,7,9,33,Uniform,277.5
1,1,4,4,18,Uniform,142.5
1,2,5,7,18,Uniform,142.5
1,1,5,5,10,Uniform,243.99
1,3,1,8,12,Uniform,132.5
1,2,5,5,13,Uniform,248.9
1,3,4,8,13,Uniform,122.52
1,3,6,8,14,Uniform,127
1,2,4,6,39,Uniform,351.24
1,4,4,9,9,Uniform,102.5
1,2,6,8,11,Uniform,140.51
1,1,8,8,2,Uniform,219.95
1,1,6,6,9,Uniform,103.25
1,3,3,6,18,Uniform,130
1,2,5,8,26,Uniform,228.76
1,3,4,6,22,Uniform,142.54
1,3,2,9,14,Uniform,115
1,2,4,6,12,Uniform,140
1,1,5,5,12,Uniform,125
1,2,5,6,10,Uniform,259.03
1,5,6,13,0,Favorite,139.93
1,2,4,7,11,Uniform,326.63
1,2,3,5,23,Uniform,192.5
1,1,6,6,7,Uniform,103.75
1,2,7,7,8,Uniform,138.46
1,2,3,6,7,Uniform,111.05
1,3,6,6,11,Uniform,205.46
1,2,4,6,20,Uniform,232.47
1,3,4,7,34,Uniform,267.5
1,1,7,7,13,Uniform,215
1,3,3,7,11,Uniform,424.95
1,2,7,10,7,Uniform,100
1,2,5,6,15,Uniform,260
1,2,4,9,11,Uniform,120.01
1,4,6,10,17,Uniform,582.41
1,2,4,8,6,Uniform,112.96
1,4,7,12,10,Uniform,102.5
1,3,3,7,11,Uniform,105
1,2,7,10,9,Uniform,102.5
1,3,6,8,19,Uniform,183.53
1,3,5,8,13,Uniform,172.5
1,2,2,6,30,Uniform,205.01
1,2,5,6,14,Uniform,112.5
1,1,8,8,10,Uniform,105.5
1,2,5,8,10,Uniform,145
1,2,3,5,8,Favorite,102.97
1,1,7,7,13,Uniform,189.23
1,3,3,7,35,Uniform,250
1,2,4,7,15,Uniform,116.26
1,2,4,9,8,Uniform,100
1,1,3,3,11,Favorite,120
1,2,5,8,14,Uniform,125.5
1,2,7,7,9,Uniform,117.51
1,2,6,8,0,Uniform,124.95
1,2,5,7,9,Uniform,100
1,1,5,5,11,Uniform,100
1,2,5,5,22,Uniform,110.02
1,2,4,6,15,Uniform,145
1,2,6,6,40,Uniform,256.76
1,3,6,9,55,Uniform,427.51
1,3,6,7,6,Uniform,101.15
1,1,7,7,16,Uniform,148.68
1,2,4,7,7,Uniform,229.99
1,3,4,8,14,Uniform,103.25
1,3,2,5,18,Uniform,265.48
1,1,7,7,10,Uniform,105
1,2,3,6,3,Uniform,124.9
1,2,7,10,12,Uniform,120
1,2,5,6,12,Uniform,137.48
1,3,6,9,13,Uniform,120.75
1,2,3,5,6,Uniform,102.49
1,2,2,5,2,Uniform,301.42
2,1,7,7,8,Uniform,118.22
2,1,4,4,13,Uniform,179.94
1,3,6,6,11,Uniform,120
1,2,5,7,13,Uniform,190
1,1,5,5,15,Uniform,122.51
1,2,2,6,11,Uniform,120
1,1,5,5,11,Favorite,100
1,2,3,4,17,Uniform,132.5
1,2,3,6,28,Uniform,145
1,2,6,9,13,Uniform,110.01
1,2,4,5,15,Uniform,185
1,3,5,9,19,Uniform,215
1,1,6,6,26,Uniform,241.62
1,2,4,6,12,Uniform,110.48
1,2,4,4,14,Uniform,125
1,2,5,6,34,Uniform,367.25
1,3,1,5,11,Uniform,100
1,1,5,5,13,Uniform,153.66
2,2,4,5,15,Uniform,116.91
1,3,3,6,16,Uniform,102.5
1,2,8,13,18,Uniform,115
1,2,4,7,3,Uniform,121.11
1,2,4,5,23,Uniform,173.01
1,3,6,12,14,Uniform,140.01
1,1,4,4,16,Uniform,310
1,3,6,19,10,Uniform,115
1,1,7,7,13,Uniform,169.97
1,1,5,5,12,Favorite,107.5
1,2,5,7,1,Uniform,139.99
1,2,6,7,14,Uniform,102.5
1,1,5,5,21,Uniform,377.5
1,2,5,7,16,Uniform,120.01
1,2,3,4,22,Uniform,117.5
1,3,5,7,21,Uniform,177.48
1,2,8,10,0,Favorite,132.95
1,1,5,5,12,Uniform,107.5
1,1,5,5,9,Uniform,137.5
1,3,3,5,21,Uniform,145.01
1,2,4,6,28,Uniform,217
1,1,5,5,21,Uniform,125
1,2,3,7,16,Uniform,105
1,2,4,6,2,Uniform,179.99
1,1,6,6,18,Uniform,121.25
1,1,6,6,8,Uniform,107.5
1,1,9,9,10,Uniform,115
1,2,5,7,15,Uniform,173.48
1,2,5,8,17,Uniform,102.5
1,4,5,10,16,Uniform,112.98
1,2,4,4,14,Uniform,193.01
1,3,4,7,12,Uniform,122.5
2,2,5,7,22,Uniform,151.05
1,1,4,4,14,Uniform,122.5
1,4,7,10,9,Uniform,100
1,1,6,6,12,Uniform,248.3
1,1,5,5,20,Uniform,240
1,6,2,11,12,Uniform,150
1,2,3,7,19,Uniform,152.5
1,1,6,6,31,Uniform,306
1,1,8,8,13,Uniform,102.5
1,3,5,7,21,Uniform,166.79
1,2,5,9,16,Uniform,121.5
1,2,5,7,14,Uniform,148.14
1,2,4,7,17,Uniform,470.48
1,3,6,8,28,Uniform,197.51
2,5,4,19,18,Uniform,132.37
1,2,6,7,2,Uniform,184.3
1,2,4,6,23,Uniform,282.62
1,1,4,4,9,Uniform,101.25
1,1,7,7,16,Uniform,220.02
1,2,5,8,11,Uniform,105
1,2,5,6,8,Uniform,146.22
1,2,3,5,21,Uniform,147.5
1,2,4,6,13,Uniform,200.92
1,8,4,14,16,Uniform,120
1,2,5,10,10,Uniform,105
1,2,5,11,17,Uniform,136.5
1,2,4,6,29,Uniform,323.74
1,2,4,7,25,Uniform,157.5
1,3,4,6,11,Uniform,110
1,3,3,8,16,Uniform,157.25
1,2,5,7,24,Uniform,200
1,2,5,8,13,Uniform,162.5
1,1,4,4,2,Uniform,195
1,3,8,15,18,Uniform,120
1,2,3,7,15,Uniform,132.5
1,1,6,6,25,Uniform,217.5
1,1,5,5,11,Uniform,137.5
1,2,5,8,10,Uniform,115
1,4,5,13,23,Uniform,185.53
1,2,5,9,24,Uniform,211.51
1,2,5,7,12,Uniform,145
1,1,6,6,42,Uniform,232.48
1,2,6,8,15,Uniform,145
1,4,7,10,10,Uniform,135.72
1,2,4,6,14,Uniform,173.48
1,2,6,8,11,Uniform,112.5
1,2,4,6,6,Uniform,100
1,3,6,7,15,Uniform,127.5
1,1,5,5,23,Uniform,180
1,2,5,8,12,Uniform,102.51
1,3,6,113,6,Uniform,102.5
1,2,4,8,15,Uniform,117.5
1,1,5,5,15,Uniform,170.5
1,2,4,6,10,Uniform,110
1,1,6,6,15,Uniform,184.5
1,4,5,20,23,Uniform,172.5
1,3,5,10,25,Uniform,197.5
1,2,4,6,9,Uniform,137.5
1,2,6,9,16,Uniform,110
1,1,6,6,17,Uniform,107.5
1,1,7,7,24,Uniform,212.5
1,1,5,5,25,Uniform,352.5
1,1,4,4,21,Uniform,143.7
1,2,3,7,20,Uniform,106.48
1,2,4,6,9,Uniform,102.5
1,2,6,7,23,Uniform,186
1,2,5,11,14,Uniform,148.75
1,1,5,5,14,Uniform,140
1,4,4,8,10,Uniform,120
1,2,6,9,13,Uniform,105.01
1,2,5,8,3,Uniform,187.26
1,1,8,8,16,Uniform,142
1,1,5,5,0,Uniform,169.97
1,1,5,5,11,Uniform,154.94
1,3,3,8,2,Uniform,229.91
1,1,5,5,17,Uniform,135
1,1,5,5,8,Uniform,143.66
1,1,6,6,15,Uniform,128.51
1,1,5,5,8,Uniform,220.88
1,2,1,5,26,Uniform,137.5
1,2,4,8,5,Uniform,137.49
1,1,5,5,9,Uniform,119.97
1,1,4,4,15,Uniform,105
1,2,4,8,12,Uniform,126.25
1,6,1,7,23,Uniform,152.41
1,1,4,4,19,Uniform,130
1,3,4,8,3,Uniform,192.26
1,3,3,7,20,Uniform,115.02
1,1,4,4,8,Favorite,121.15
1,2,7,7,18,Uniform,260
1,2,4,7,2,Uniform,159.97
1,1,6,6,3,Uniform,119.48
1,2,4,6,19,Uniform,142.5
1,2,5,8,13,Uniform,195
1,1,9,9,6,Uniform,250
1,1,6,6,26,Uniform,255.01
1,2,5,7,2,Uniform,108.64
1,2,1,4,14,Uniform,110
1,1,4,4,14,Uniform,102.5
1,2,7,16,9,Uniform,110
1,3,4,7,12,Uniform,147.5
1,3,4,7,23,Uniform,133.76
2,2,5,6,12,Uniform,110.18
1,2,6,7,7,Uniform,107.5
1,3,5,6,45,Uniform,327.51
1,3,3,7,8,Uniform,100
2,2,7,7,15,Uniform,142.15
1,4,6,7,29,Uniform,312.5
1,4,3,7,32,Uniform,250.99
1,2,4,6,16,Uniform,124
1,3,5,7,16,Uniform,220.62
1,2,5,5,40,Uniform,470.69
1,1,5,5,21,Uniform,162.5
1,2,5,6,33,Uniform,397.48
1,2,4,6,4,Uniform,193.08
1,3,6,22,8,Uniform,110
1,1,6,6,9,Uniform,238.23
1,2,3,6,31,Uniform,315.5
1,2,3,5,9,Favorite,120
1,3,7,12,20,Uniform,120
1,5,4,9,21,Uniform,165
1,2,4,6,9,Uniform,224.99
1,3,5,5,13,Uniform,188.46
1,3,4,9,13,Uniform,180
1,2,5,113,9,Uniform,105
1,2,5,7,11,Uniform,115.49
1,1,6,6,11,Uniform,173.14
1,3,2,6,15,Uniform,170.25
1,2,5,6,17,Uniform,187.5
1,3,5,8,21,Uniform,145
1,1,5,5,18,Uniform,285
1,2,6,6,19,Uniform,150.05
1,1,6,6,9,Uniform,224.9
1,1,4,4,7,Uniform,133.45
1,2,3,5,45,Uniform,377.51
1,1,6,6,17,Uniform,140
1,2,6,8,12,Uniform,140
1,3,4,5,16,Uniform,112.48
2,2,6,9,11,Uniform,131.26
1,2,5,7,10,Uniform,102.5
1,2,6,7,11,Uniform,157.5
1,2,4,8,34,Uniform,533.98
1,5,3,12,10,Uniform,212.93
1,2,5,113,10,Uniform,270
1,6,4,11,17,Uniform,140.02
1,1,5,5,0,Favorite,217.93
2,2,5,7,8,Uniform,115.13
1,2,4,6,16,Uniform,115
1,2,3,6,9,Uniform,110
1,1,4,4,6,Favorite,100.47
1,2,6,8,12,Uniform,100
1,2,3,5,0,Uniform,129.99
1,2,5,7,15,Uniform,179.24
1,3,5,13,3,Uniform,111.33
1,1,4,4,14,Uniform,105.01
1,2,6,8,33,Uniform,150
2,2,5,7,11,Uniform,140.82
1,2,4,6,17,Uniform,172.5
1,1,7,7,11,Uniform,209.97
1,2,3,6,33,Uniform,222.5
1,1,5,5,13,Uniform,127.51
1,2,6,8,3,Uniform,245.73
1,1,7,7,15,Uniform,112.5
1,2,7,7,13,Uniform,160.01
1,3,5,9,0,Favorite,282.89
1,3,4,8,28,Uniform,207.52
1,3,5,7,11,Uniform,140
1,2,3,5,22,Uniform,191
1,1,8,8,16,Uniform,127.5
1,1,5,5,19,Uniform,184
1,1,4,4,13,Uniform,123.03
1,2,3,7,10,Uniform,105
2,1,5,5,9,Uniform,106.63
1,3,5,8,11,Uniform,117.5
1,2,3,7,14,Uniform,160
1,3,4,7,16,Uniform,120
1,2,2,7,11,Uniform,102.5
1,2,5,8,13,Uniform,140
1,2,3,6,21,Uniform,229.24
1,2,5,7,6,Uniform,119.15
1,2,4,5,34,Uniform,150.01
1,2,5,7,27,Uniform,240
1,2,4,6,11,Uniform,137.5
1,2,2,4,17,Uniform,155.01
1,2,7,9,23,Uniform,253.75
1,2,3,5,8,Uniform,100
1,2,4,6,12,Favorite,175
1,3,3,5,47,Uniform,210
1,1,9,9,10,Uniform,125
1,2,4,5,16,Uniform,110
2,3,2,8,27,Uniform,338.51
1,1,6,6,14,Uniform,178.14
1,2,4,6,25,Uniform,157.51
1,1,7,7,10,Uniform,107.5
1,3,3,10,9,Uniform,119.99
1,3,6,8,15,Uniform,173.01
1,2,6,8,19,Uniform,150.53
1,1,7,7,13,Favorite,100
1,1,4,4,3,Favorite,164.09
1,2,4,7,20,Uniform,107.5
1,1,4,4,12,Uniform,125
1,4,4,13,10,Uniform,145
1,4,3,8,19,Uniform,147.51
1,2,6,7,12,Uniform,150
1,1,4,4,14,Uniform,120
1,1,5,5,10,Uniform,108.62
1,2,4,6,21,Uniform,320.01
1,1,5,5,22,Uniform,217.49
1,3,2,6,9,Uniform,102.5
1,4,2,9,25,Uniform,294.79
1,1,5,5,16,Uniform,174.5
1,2,2,5,3,Uniform,209.99
1,2,6,11,14,Uniform,202.5
1,3,5,7,2,Uniform,274.98
1,2,4,8,13,Uniform,122.5
1,4,4,7,12,Uniform,107.5
1,2,3,5,22,Uniform,197.42
1,2,4,6,0,Uniform,189.93
2,2,5,5,16,Uniform,195.24
1,5,5,9,8,Uniform,754.81
1,2,5,14,12,Uniform,130
1,2,6,7,8,Uniform,132.5
1,1,5,5,9,Uniform,100
1,2,11,13,0,Favorite,472
2,3,6,10,16,Uniform,252.99
1,2,4,5,7,Uniform,100
1,1,8,8,22,Uniform,269.95
1,3,7,13,15,Uniform,152.5
1,2,4,6,13,Uniform,152.5
1,3,4,8,10,Uniform,153.43
1,2,5,7,21,Uniform,199.87
2,2,6,7,10,Uniform,103.94
1,3,6,9,7,Uniform,107.5
1,2,4,6,30,Uniform,322.5
1,3,7,11,8,Uniform,150.48
1,2,3,6,16,Uniform,155
1,3,7,7,11,Uniform,152.5
1,1,5,5,13,Uniform,142.5
1,4,1,5,25,Uniform,175.01
1,2,5,6,14,Uniform,167.5
1,2,4,7,0,Uniform,249.96
1,4,4,6,16,Uniform,110
1,3,2,8,13,Uniform,102.5
1,3,3,6,9,Uniform,120
1,2,4,7,0,Uniform,137.98
1,1,6,6,12,Uniform,142.5
1,3,2,5,16,Uniform,287.76
1,2,5,6,19,Uniform,128.5
1,2,5,8,19,Uniform,140
1,3,5,8,2,Uniform,117.44
1,2,3,5,15,Uniform,125
1,2,3,6,18,Uniform,180
1,3,8,19,18,Uniform,254
1,1,5,5,14,Uniform,114.5
1,2,6,8,34,Uniform,235.02
1,2,7,10,18,Uniform,241.88
1,4,5,12,13,Uniform,105
1,2,4,5,11,Uniform,223.72
1,1,6,6,0,Uniform,112
1,3,4,8,22,Uniform,232.49
1,2,4,6,10,Uniform,110
1,1,5,5,18,Uniform,117.5
1,2,4,7,14,Uniform,137.5
1,2,6,7,20,Uniform,157.46
1,3,3,6,17,Uniform,178.5
1,1,5,5,7,Uniform,106.25
1,3,6,8,10,Uniform,112.5
1,2,8,9,1,Uniform,104.27
1,1,5,5,15,Uniform,145
1,2,7,8,15,Uniform,182.51
1,1,5,5,14,Uniform,170.75
1,3,4,21,23,Uniform,200
1,2,2,7,10,Uniform,164.97
1,2,5,7,14,Uniform,111
2,2,6,6,16,Uniform,170.86
1,2,4,6,3,Uniform,124.8
1,2,4,6,10,Uniform,101.25
1,2,7,9,9,Uniform,120
1,4,5,21,12,Uniform,127.51
1,2,7,9,17,Uniform,152.5
1,1,7,7,11,Uniform,110
1,3,3,5,14,Uniform,148
1,1,4,4,25,Uniform,120
2,2,4,5,31,Uniform,181.25
1,2,5,7,8,Uniform,121.25
1,3,2,6,7,Uniform,110
1,2,4,6,7,Uniform,174.27
1,1,5,5,11,Uniform,100
1,1,6,6,17,Uniform,224.25
1,1,5,5,44,Uniform,425
1,1,6,6,23,Uniform,195
1,2,7,9,2,Favorite,142.22
1,3,3,7,24,Uniform,197.28
1,2,6,8,9,Uniform,100
1,1,8,8,14,Uniform,195
1,1,5,5,19,Uniform,152.5
1,2,4,8,21,Uniform,217.97
1,2,6,7,0,Uniform,174.91
1,2,6,10,26,Uniform,197.51
1,2,2,5,12,Uniform,256.64
1,2,8,8,4,Uniform,104.38
1,3,3,7,31,Uniform,187.5
1,2,3,5,28,Uniform,395
1,2,4,7,28,Uniform,145
1,1,5,5,13,Uniform,120
1,2,4,7,16,Uniform,128
1,2,6,10,20,Uniform,132.5
1,3,4,8,17,Uniform,227.5
1,3,4,9,8,Uniform,202.49
1,2,7,7,15,Uniform,197.5
1,1,5,5,36,Uniform,437.45
1,2,7,9,7,Favorite,132.5
1,4,4,8,20,Uniform,170
1,1,8,8,11,Uniform,115
1,1,6,6,0,Uniform,431.71
1,1,3,3,15,Uniform,107.5
1,2,6,8,12,Uniform,180
1,2,4,6,12,Uniform,125.48
1,2,2,6,16,Uniform,177.46
1,1,5,5,22,Uniform,218.5
1,2,6,10,12,Uniform,107.49
1,2,4,6,15,Uniform,202.44
1,2,3,5,15,Uniform,196.21
2,2,5,7,15,Uniform,125.82
1,2,5,6,1,Uniform,200
1,2,6,8,12,Uniform,175
1,2,4,6,24,Uniform,145
1,3,3,15,17,Uniform,160.03
2,1,8,8,11,Uniform,163.87
1,1,4,4,27,Uniform,231.04
1,2,5,11,0,Uniform,242.98
1,1,4,4,25,Uniform,235.64
1,1,5,5,4,Uniform,112.46
1,3,1,4,9,Uniform,240.61
1,1,4,4,22,Uniform,150
1,2,3,5,3,Favorite,111.71
1,2,5,7,10,Uniform,120
1,2,5,6,34,Uniform,196.26
1,2,6,6,27,Uniform,260
1,1,5,5,5,Uniform,157.96
1,1,5,5,19,Uniform,190.3
1,2,8,8,14,Uniform,117.5
1,1,9,9,22,Uniform,167.5
1,3,6,113,12,Uniform,160
1,4,3,6,43,Uniform,340.98
1,2,4,6,6,Uniform,177.97
1,1,8,8,0,Uniform,203.7
1,2,2,5,14,Uniform,132.5
1,1,6,6,12,Uniform,102.5
1,1,8,8,13,Uniform,184.99
1,2,6,7,14,Uniform,130
1,3,4,10,12,Uniform,110
1,1,5,5,13,Uniform,115
1,1,7,7,12,Uniform,105
1,4,5,22,15,Uniform,127.5
1,2,4,6,8,Uniform,102.5
1,2,9,10,16,Uniform,145
1,1,5,5,38,Uniform,440.48
1,1,6,6,1,Uniform,124.97
1,3,4,8,64,Uniform,590.03
1,1,6,6,23,Uniform,169.99
1,2,3,5,12,Uniform,115
1,1,6,6,22,Uniform,105
1,1,8,8,5,Uniform,293.48
1,2,4,6,29,Uniform,420
1,1,7,7,9,Uniform,110
1,3,4,8,4,Uniform,147.96
2,3,6,8,11,Uniform,109.91
1,3,3,21,0,Uniform,137.68
1,3,2,7,16,Uniform,109.5
1,1,4,4,24,Uniform,152.5
1,1,6,6,5,Uniform,106.22
1,1,8,8,9,Uniform,187.49
1,2,5,7,16,Uniform,245
1,2,7,8,11,Uniform,102.5
1,4,2,7,7,Uniform,109.36
1,2,5,7,14,Uniform,110
1,2,8,8,15,Uniform,140.02
1,4,4,6,23,Uniform,165
1,2,4,7,15,Uniform,150
1,2,4,6,17,Uniform,175.48
1,1,4,4,34,Uniform,295
1,2,7,21,12,Uniform,132.5
1,1,6,6,26,Uniform,228.75
1,1,6,6,18,Uniform,188.62
1,2,4,7,19,Uniform,190
1,1,4,4,1,Uniform,189.92
1,1,8,8,12,Uniform,107.51
1,2,6,7,12,Uniform,109.99
1,2,4,6,15,Uniform,194.75
1,3,5,113,16,Uniform,117.5
1,1,5,5,5,Uniform,108.97
1,2,5,5,17,Uniform,207.5
1,3,5,12,9,Uniform,105
1,1,6,6,15,Uniform,125
1,2,4,6,4,Uniform,132.44
1,3,2,7,9,Uniform,130
1,2,5,7,19,Uniform,195.01
1,3,3,7,29,Uniform,305
1,2,4,7,25,Uniform,292.5
1,2,4,7,11,Uniform,107.5
1,2,4,4,22,Uniform,130
1,1,5,5,16,Uniform,156.39
1,1,6,6,14,Uniform,115.46
1,1,6,6,13,Uniform,188.67
1,4,3,18,2,Uniform,197.98
1,5,7,14,11,Uniform,102.5
1,2,2,5,3,Uniform,210
1,1,5,5,14,Uniform,157.5
1,4,6,13,17,Uniform,170
1,2,5,9,8,Uniform,190.94
1,1,7,7,14,Uniform,100
2,2,5,8,21,Uniform,141.75
1,3,5,8,15,Uniform,110.02
1,5,5,23,2,Uniform,179.99
1,2,5,10,12,Uniform,171.5
1,3,7,11,8,Uniform,112.5
1,3,4,7,18,Uniform,213.72
1,3,4,9,29,Uniform,405
1,2,4,8,11,Uniform,155
1,2,5,8,19,Uniform,237.99
1,1,5,5,9,Uniform,113.47
1,2,4,6,11,Uniform,110
1,2,4,7,10,Uniform,140.25
1,1,12,12,13,Favorite,145
1,3,4,7,14,Uniform,112.5
1,2,6,7,13,Uniform,130.75
1,2,6,6,15,Uniform,107.5
1,4,3,7,14,Uniform,105.02
1,2,5,8,21,Uniform,307.46
1,1,7,7,6,Uniform,138.51
1,2,2,8,5,Uniform,225
1,1,5,5,8,Uniform,100
1,1,6,6,13,Uniform,175
1,2,5,8,9,Uniform,145
1,2,6,9,24,Uniform,168.75
1,2,3,6,17,Uniform,132.5
1,3,3,9,24,Favorite,240
1,3,5,6,13,Uniform,193.46
1,2,7,9,16,Uniform,152.5
1,2,3,6,11,Uniform,140
1,3,5,9,16,Uniform,142.5
1,2,5,8,8,Uniform,161.2
1,1,5,5,22,Uniform,141.25
1,3,5,9,7,Uniform,108.97
1,1,5,5,25,Uniform,132.5
1,4,5,9,24,Uniform,232.5
1,3,3,8,36,Uniform,230.02
1,2,7,8,13,Uniform,112.5
1,2,2,6,11,Uniform,245.6
1,2,3,5,50,Uniform,212.5
1,1,4,4,12,Uniform,189.03
1,3,6,7,19,Uniform,160
1,3,3,22,24,Uniform,331.18
1,1,5,5,19,Uniform,105
1,2,6,7,13,Uniform,135.01
1,2,4,6,17,Uniform,113.01
1,3,6,13,15,Uniform,130
1,2,3,7,17,Uniform,257.49
1,2,4,7,37,Uniform,479.69
1,3,4,7,16,Uniform,170
1,2,1,7,18,Uniform,124.5
1,3,5,8,13,Uniform,117.5
1,2,6,8,31,Uniform,190
1,2,5,5,12,Uniform,122.5
1,4,5,14,10,Uniform,175.45
1,2,3,6,11,Uniform,157.5
1,1,6,6,15,Uniform,130.01
1,2,7,8,6,Uniform,195
1,2,2,5,11,Uniform,113.76
1,3,4,9,7,Uniform,137.19
1,2,6,9,14,Uniform,145
1,2,5,7,12,Uniform,107.5
1,3,2,7,11,Uniform,155
1,1,6,6,13,Uniform,157.5
1,3,4,6,4,Uniform,107.36
1,1,6,6,18,Uniform,153.37
1,2,2,5,11,Uniform,105
1,2,6,8,23,Uniform,205
1,1,4,4,19,Uniform,180.9
1,3,4,10,10,Uniform,101.51
1,3,2,20,17,Uniform,107.5
1,2,4,5,17,Uniform,140
1,2,6,6,2,Uniform,214.98
1,1,7,7,19,Uniform,282.5
1,3,4,20,0,Uniform,117.9
1,4,4,8,14,Uniform,105
1,1,6,6,22,Uniform,205.5
1,3,3,7,10,Uniform,189.4
1,2,4,8,5,Uniform,255.45
1,2,5,8,9,Uniform,100
1,3,6,7,9,Uniform,110
1,3,1,8,9,Uniform,105
1,1,6,6,27,Uniform,230
1,2,4,6,11,Uniform,100
1,2,4,5,2,Uniform,197.5
1,3,6,13,11,Uniform,125
1,1,5,5,0,Uniform,169.99
1,3,3,5,14,Uniform,112.5
1,3,3,12,27,Uniform,237.5
1,2,4,4,17,Uniform,117.52
1,1,4,4,7,Uniform,103.41
1,2,6,7,23,Uniform,161.25
1,2,7,9,22,Uniform,209.99
1,3,5,8,15,Uniform,210.97
1,1,4,4,17,Uniform,115
1,1,7,7,13,Uniform,120
1,2,6,10,19,Uniform,235
2,3,1,7,11,Uniform,141.95
1,3,4,8,14,Uniform,105
1,3,3,5,4,Uniform,303.67
1,2,5,7,18,Uniform,146
1,1,6,6,9,Uniform,145
1,2,3,5,14,Uniform,112.5
1,2,6,7,10,Uniform,115
1,1,5,5,11,Uniform,105
1,1,6,6,0,Uniform,111.85
1,2,7,9,21,Uniform,200
1,2,3,6,22,Favorite,217.43
1,1,6,6,12,Uniform,125
1,1,4,4,14,Uniform,100
1,2,5,9,21,Uniform,132.5
1,1,5,5,19,Uniform,342.5
1,3,7,10,11,Uniform,107.98
1,2,4,6,18,Uniform,195
1,2,4,6,15,Uniform,152.5
1,1,7,7,8,Uniform,100.64
1,3,2,6,15,Uniform,145
1,3,1,6,3,Uniform,184.98
1,3,6,9,12,Uniform,107.5
1,2,4,7,16,Uniform,120
1,1,5,5,12,Uniform,143.72
1,1,5,5,9,Uniform,100
1,1,5,5,19,Uniform,183.7
1,2,6,9,13,Uniform,144.98
1,2,7,7,20,Uniform,192.5
2,3,4,20,12,Uniform,128.92
1,1,6,6,1,Favorite,268.65
1,3,4,5,21,Uniform,146.01
1,2,5,8,24,Uniform,220
1,3,6,6,14,Uniform,135
1,1,5,5,5,Uniform,178.66
1,2,3,4,4,Favorite,274.46
1,2,6,8,17,Uniform,142.5
1,2,3,6,54,Uniform,733.57
1,1,9,9,10,Uniform,105
1,1,5,5,31,Uniform,240
1,4,3,7,24,Uniform,217.5
1,3,5,9,14,Uniform,147.5
1,3,5,7,19,Uniform,152.5
1,1,6,6,4,Uniform,149.34
1,2,3,6,7,Uniform,102.49
1,2,7,10,15,Uniform,137.5
1,2,5,7,5,Uniform,156.3
1,2,5,7,19,Uniform,165
1,1,5,5,18,Uniform,170
1,1,6,6,12,Favorite,105.89
1,6,1,13,13,Uniform,156.47
1,3,3,8,18,Uniform,108.75
1,2,4,8,20,Uniform,304.5
1,1,7,7,0,Uniform,529.89
1,2,6,10,16,Uniform,117.17
1,4,5,10,84,Uniform,637.5
1,1,7,7,8,Uniform,125
1,3,5,6,6,Uniform,127.96
1,1,6,6,15,Uniform,521.04
1,1,4,4,0,Uniform,170.59
1,4,7,11,15,Uniform,114.99
1,2,4,9,43,Uniform,225
1,2,6,7,16,Uniform,107.5
1,1,4,4,12,Uniform,102.5
1,2,2,6,14,Uniform,166.16
1,3,5,10,25,Uniform,244.98
1,3,2,8,18,Uniform,144.98
1,3,4,6,0,Uniform,533.75
1,2,8,15,15,Uniform,110
1,2,8,8,4,Uniform,197.49
1,3,3,21,17,Uniform,100
1,5,7,13,16,Uniform,150
1,1,6,6,6,Uniform,105
1,2,5,8,24,Uniform,187.46
1,1,5,5,9,Uniform,115
1,1,6,6,7,Uniform,107.41
1,1,9,9,15,Uniform,132.5
1,5,3,9,15,Uniform,105
1,2,6,7,26,Uniform,240.03
1,2,2,4,17,Uniform,236.12
1,3,2,8,12,Uniform,140
1,2,4,6,18,Uniform,140
1,2,5,6,14,Uniform,164
1,4,4,10,23,Uniform,129.75
1,3,2,5,6,Favorite,245
1,1,7,7,5,Uniform,161.13
1,2,6,8,26,Uniform,215
1,1,5,5,3,Uniform,333.16
1,1,9,9,14,Uniform,107
1,2,4,4,26,Uniform,155.02
1,2,5,7,8,Uniform,100
1,2,6,9,11,Uniform,110
1,3,7,10,10,Uniform,112.5
1,5,4,19,10,Uniform,107.48
1,2,4,7,10,Uniform,119.69
1,2,6,8,18,Uniform,145
1,4,2,6,30,Uniform,404.95
1,4,2,5,15,Uniform,105.49
1,1,6,6,10,Uniform,130.01
1,3,5,9,6,Uniform,169.98
1,3,4,8,2,Uniform,174.99
1,2,5,5,10,Uniform,138.48
1,2,6,8,12,Uniform,139.75
1,2,6,8,22,Uniform,157.5
1,4,5,13,11,Uniform,133.73
1,1,8,8,9,Uniform,122.99
1,2,4,7,24,Uniform,199.99
1,2,5,7,13,Uniform,216.93
1,1,5,5,11,Uniform,110.01
1,2,3,5,16,Uniform,114
1,2,4,6,18,Uniform,142.5
1,1,7,7,20,Uniform,204.25
1,1,6,6,20,Uniform,139.98
1,3,4,13,23,Uniform,106.25
1,1,5,5,25,Uniform,295
1,2,5,8,14,Uniform,142.49
1,2,6,7,12,Uniform,182.51
1,2,8,13,24,Uniform,146.25
1,4,6,9,22,Uniform,150
1,4,2,9,9,Uniform,105
1,3,4,8,2,Uniform,197.93
1,2,6,8,9,Uniform,100
1,1,6,6,6,Uniform,120.47
1,3,4,11,14,Uniform,168.66
1,6,5,6,9,Uniform,130.88
1,2,3,6,0,Uniform,365.28
1,2,3,6,17,Uniform,248.72
1,2,5,7,13,Uniform,100
1,3,1,8,21,Uniform,197.99
1,1,7,7,7,Favorite,102.5
1,1,6,6,7,Uniform,107.5
1,2,3,5,16,Uniform,107.51
1,1,6,6,14,Uniform,106.5
1,2,5,9,18,Uniform,167.51
1,3,5,11,15,Uniform,187.49
1,3,6,8,9,Uniform,163.18
1,2,3,7,7,Uniform,105
1,2,9,9,28,Uniform,368.9
1,2,8,10,11,Uniform,105
1,2,5,9,10,Uniform,129.01
1,1,5,5,1,Uniform,118.93
1,2,6,9,14,Uniform,130
1,2,4,11,13,Uniform,102.5
1,2,3,5,17,Uniform,151.26
2,2,4,6,20,Uniform,161.91
1,2,2,4,9,Uniform,284.32
1,1,4,4,29,Uniform,142.5
1,3,5,10,6,Uniform,100.63
1,3,2,7,18,Uniform,185.02
1,5,8,19,5,Uniform,215
1,2,5,7,10,Uniform,135.21
1,3,5,9,7,Uniform,139.96
1,3,4,113,15,Uniform,107.5
1,1,8,8,14,Uniform,160
1,2,6,8,15,Uniform,170
1,1,5,5,20,Uniform,205
1,1,6,6,11,Uniform,121
1,2,5,8,4,Uniform,307.99
1,1,4,4,12,Uniform,110.49
1,2,3,7,7,Uniform,142.98
1,1,6,6,9,Uniform,156.45
1,2,2,7,10,Uniform,110
1,3,4,6,20,Uniform,190
1,2,3,5,16,Uniform,145
1,1,7,7,2,Uniform,101.98
1,1,5,5,13,Uniform,107.5
1,3,6,8,26,Uniform,117.5
1,2,5,6,10,Uniform,144.49
1,2,4,6,16,Uniform,110
1,1,5,5,21,Uniform,181.39
1,5,4,12,12,Uniform,127.5
1,2,4,6,37,Uniform,165
1,4,4,22,30,Uniform,154.98
1,1,5,5,6,Uniform,106.46
1,3,5,6,25,Uniform,295
1,1,6,6,32,Uniform,339.99
1,1,7,7,9,Uniform,130.47
1,2,1,6,8,Uniform,105
1,1,8,8,17,Uniform,272.5
1,1,7,7,8,Uniform,277.45
1,1,4,4,19,Uniform,102.5
1,2,6,8,9,Uniform,135.96
1,4,1,5,10,Uniform,157.98
1,3,10,14,21,Uniform,263.75
1,4,4,10,14,Uniform,100
1,2,6,9,2,Uniform,150.67
1,3,6,10,16,Uniform,165
1,1,5,5,10,Uniform,105
1,1,7,7,8,Uniform,104.99
1,3,5,10,23,Uniform,132.5
1,4,5,9,12,Uniform,127.5
1,1,5,5,10,Uniform,135
1,5,5,14,16,Uniform,157.5
1,3,4,22,27,Uniform,214.5
1,1,5,5,33,Uniform,297.53
1,3,4,7,3,Uniform,257.51
1,2,4,5,16,Uniform,162.5
1,4,3,7,31,Uniform,140.08
1,2,6,6,15,Uniform,107.5
1,2,4,7,7,Favorite,117.5
1,1,6,6,10,Uniform,134.5
1,2,4,6,25,Uniform,198.66
2,4,3,5,15,Uniform,172.12
1,3,3,9,17,Uniform,155
1,2,4,5,14,Uniform,157.5
2,4,4,11,22,Uniform,123.93
1,2,5,7,19,Uniform,237.5
1,2,4,7,17,Uniform,160.48
1,3,5,12,15,Uniform,150
1,2,4,8,15,Uniform,145
1,1,6,6,1,Uniform,215.83
1,2,2,5,21,Uniform,217.5
1,3,5,22,28,Uniform,136.27
1,2,3,7,6,Uniform,235.48
1,1,6,6,17,Uniform,132.5
1,1,9,9,10,Uniform,120
1,4,2,10,10,Uniform,105
1,2,3,5,7,Uniform,119.98
1,4,6,14,11,Uniform,110.64
1,1,7,7,29,Uniform,358.75
1,2,5,6,13,Uniform,145
1,3,6,10,10,Uniform,107.98
1,1,4,4,5,Uniform,204.99
1,1,5,5,19,Uniform,105.21
1,2,6,10,23,Uniform,198.5
1,2,5,7,53,Uniform,427.52
1,3,8,13,11,Favorite,114.39
1,8,5,11,29,Uniform,770.95
1,3,6,8,14,Uniform,124.5
1,1,8,8,15,Uniform,149.25
1,4,1,7,6,Uniform,120.26
1,2,5,6,1,Uniform,134.98
1,2,4,7,20,Uniform,229.96
1,2,5,6,12,Uniform,140
1,1,5,5,32,Uniform,175
1,2,5,8,17,Uniform,170
1,1,8,8,10,Uniform,106.5
1,1,7,7,8,Uniform,107.5
1,1,6,6,17,Uniform,208.74
1,2,3,5,8,Uniform,102.5
1,2,4,7,12,Uniform,110
1,2,5,7,19,Uniform,106.27
1,3,6,9,21,Uniform,225
1,1,8,8,8,Uniform,102.5
1,2,5,6,12,Uniform,147.48
1,4,3,5,13,Uniform,140
1,2,8,8,21,Uniform,190
1,2,7,8,20,Uniform,110
1,1,4,4,16,Uniform,125
1,2,4,7,16,Uniform,143.47
1,2,3,6,0,Uniform,187.97
1,2,6,7,9,Uniform,102.5
1,2,4,6,10,Uniform,100.01
1,4,3,9,10,Uniform,143.24
1,2,2,5,0,Uniform,166.77
1,2,3,5,1,Uniform,182.06
1,1,5,5,12,Uniform,138
1,3,3,7,25,Uniform,163.28
1,2,4,6,18,Uniform,142.5
1,3,6,12,11,Uniform,100
1,2,5,7,17,Uniform,139.25
1,2,4,5,17,Uniform,155
1,1,7,7,15,Uniform,282.95
1,1,6,6,27,Uniform,195.01
1,1,4,4,19,Uniform,145.5
1,3,4,9,39,Uniform,458.41
1,1,6,6,2,Favorite,176.7
1,2,3,5,9,Uniform,255
1,2,7,9,17,Uniform,132.5
1,2,4,5,20,Uniform,187.5
1,2,4,9,4,Uniform,134.99
1,3,7,20,10,Favorite,107.12
1,1,6,6,12,Uniform,127.5
1,2,5,7,21,Uniform,152.5
1,2,5,7,22,Uniform,157.5
1,2,7,8,13,Uniform,327.49
1,1,8,8,9,Uniform,100
1,1,4,4,12,Uniform,100.5
1,4,4,11,23,Uniform,250
1,1,9,9,5,Uniform,129.97
1,3,5,10,24,Uniform,187.52
1,3,8,13,15,Uniform,167.51
1,2,6,11,10,Uniform,116.2
1,2,4,8,19,Uniform,130
1,2,2,5,12,Uniform,156.75
1,1,4,4,8,Uniform,104.79
1,2,6,9,11,Uniform,116.25
1,2,5,7,10,Uniform,170
1,2,7,7,11,Uniform,123
1,2,5,8,12,Uniform,110
1,3,4,9,13,Uniform,122.5
1,2,5,7,10,Uniform,147.51
1,2,3,6,17,Uniform,130
1,3,5,10,18,Uniform,127.5
1,3,2,7,7,Uniform,257.48
2,2,5,8,16,Uniform,135.6
1,1,9,9,3,Favorite,197.48
1,3,5,6,25,Uniform,185.02
1,4,4,9,18,Uniform,127.5
1,2,4,9,9,Uniform,115
1,3,5,9,12,Uniform,105
1,1,7,7,8,Uniform,137.5
1,2,4,6,17,Uniform,152.5
1,3,4,10,11,Uniform,150
1,2,4,5,34,Uniform,193.76
1,1,5,5,15,Uniform,132.5
1,5,4,10,16,Uniform,135.02
1,2,5,9,19,Uniform,145
1,1,6,6,8,Uniform,120
1,1,4,4,15,Uniform,121.5
1,2,6,8,13,Uniform,127.5
1,2,4,6,6,Favorite,273.14
1,1,6,6,10,Uniform,100
1,1,6,6,14,Uniform,105.01
1,2,4,6,3,Uniform,142.38
1,2,7,8,8,Uniform,328.43
1,3,4,8,12,Uniform,130
1,2,6,7,10,Uniform,140
1,2,5,11,16,Uniform,180
1,2,4,7,15,Uniform,223.46
1,1,4,4,10,Favorite,225
1,2,5,7,15,Uniform,140.03
1,2,6,6,15,Uniform,170.9
1,2,7,9,10,Favorite,110
1,2,4,10,10,Uniform,210
1,2,4,6,11,Uniform,105
1,3,5,11,17,Uniform,122.5
2,2,3,6,15,Uniform,116.64
1,5,6,8,2,Uniform,117.49
1,2,5,7,14,Uniform,145
1,2,4,7,9,Uniform,344.62
1,2,8,8,10,Uniform,109.97
1,2,4,8,19,Uniform,130
1,2,4,8,29,Uniform,247.5
1,1,6,6,14,Uniform,130
1,1,9,9,10,Uniform,123.04
1,3,4,6,22,Uniform,130.03
1,2,5,8,27,Uniform,242.5
1,3,3,8,2,Uniform,232.91
1,5,5,13,2,Favorite,139.98
1,2,3,6,18,Uniform,100
1,3,3,22,6,Uniform,324.83
1,1,6,6,30,Uniform,247.99
1,3,5,9,5,Uniform,117.04
1,3,3,7,8,Uniform,102.5
1,2,2,5,10,Uniform,100
1,2,8,9,17,Uniform,207.97
1,2,6,8,3,Uniform,113.96
1,2,6,11,45,Uniform,407.5
1,2,4,7,11,Uniform,107.5
1,1,7,7,16,Uniform,125
1,1,8,8,13,Favorite,172.5
1,1,4,4,14,Uniform,122.98
1,2,4,5,0,Uniform,206.39
1,2,4,5,22,Uniform,265
1,2,2,6,17,Uniform,128.5
1,2,2,5,13,Uniform,155
1,4,3,7,13,Uniform,150
1,2,4,7,15,Uniform,117.5
1,2,3,6,5,Uniform,102.49
1,2,6,113,10,Uniform,115
1,3,4,9,22,Uniform,167.48
1,4,2,7,27,Uniform,126.74
1,1,8,8,11,Uniform,342.49
1,3,6,8,20,Uniform,155
2,1,9,9,12,Uniform,135.41
1,3,4,8,13,Uniform,100
1,2,3,5,18,Uniform,137.5
1,3,4,10,10,Uniform,158.16
1,2,5,10,23,Uniform,172.5
1,2,5,8,14,Uniform,115
1,4,6,9,10,Uniform,133.48
1,2,2,4,9,Uniform,165.47
1,2,5,8,12,Uniform,100
1,1,4,4,12,Uniform,130
1,5,3,8,27,Uniform,172.5
1,3,3,8,18,Uniform,127.5
1,3,7,11,13,Uniform,292.5
1,2,5,7,8,Uniform,145
1,3,3,6,9,Uniform,230.07
1,1,4,4,16,Uniform,142.5
1,4,6,17,17,Uniform,322
1,3,3,8,7,Uniform,115.89
1,2,3,5,20,Uniform,105
1,2,4,6,24,Uniform,392.78
1,1,5,5,16,Uniform,135.5
1,1,6,6,5,Uniform,134.99
1,4,2,7,8,Uniform,117.5
1,1,5,5,9,Uniform,117.49
1,2,4,7,21,Uniform,135
1,2,6,8,39,Uniform,297.48
1,2,3,6,11,Uniform,105
1,2,4,6,27,Uniform,467.11
1,1,5,5,11,Uniform,105
1,1,7,7,13,Uniform,167.5
1,3,4,7,14,Uniform,130
1,3,7,10,0,Uniform,180
1,2,4,113,8,Favorite,120.48
1,3,2,6,3,Uniform,167.94
1,3,2,7,13,Uniform,117.5
1,2,6,8,19,Uniform,176.9
1,3,4,8,23,Uniform,250
1,1,9,9,8,Uniform,100
1,2,7,7,21,Uniform,180
1,1,4,4,8,Uniform,100
1,1,7,7,23,Uniform,140
1,2,6,8,2,Uniform,192.5
1,2,5,9,12,Uniform,130
1,1,6,6,11,Uniform,142.5
1,2,6,9,17,Uniform,132.5
1,2,5,9,12,Uniform,107.52
1,2,3,5,24,Uniform,227.53
2,2,5,7,10,Uniform,116.8
2,4,3,7,16,Uniform,158.26
1,1,6,6,21,Uniform,102.75
1,2,4,8,14,Uniform,224.99
1,2,6,10,19,Uniform,170
1,3,3,6,16,Uniform,179.23
1,2,5,7,9,Uniform,120
1,2,3,8,26,Uniform,209.95
1,1,6,6,10,Uniform,130
1,1,5,5,8,Uniform,142.47
1,1,9,9,21,Uniform,280
1,1,7,7,9,Uniform,110
1,2,6,8,14,Uniform,190.98
1,2,4,6,13,Uniform,134.75
1,3,4,9,33,Uniform,175
1,2,1,5,15,Uniform,150
1,2,2,5,5,Uniform,199.99
1,1,4,4,2,Favorite,223.19
1,2,5,8,29,Uniform,217.51
1,2,5,7,14,Uniform,107.5
1,2,4,8,10,Uniform,110.65
1,2,5,8,32,Uniform,220
1,3,3,7,17,Uniform,180
1,1,5,5,11,Uniform,145
1,2,5,7,15,Uniform,153.75
1,2,5,6,33,Uniform,263.75
1,2,5,7,11,Uniform,101
1,2,4,6,12,Uniform,130
1,2,5,9,23,Uniform,210
1,2,5,7,10,Uniform,107.23
1,2,5,7,8,Uniform,122.5
1,2,8,8,13,Uniform,146.28
1,2,4,5,36,Uniform,215
1,2,4,6,10,Uniform,105
1,1,4,4,24,Uniform,372.99
1,2,5,7,18,Uniform,154.25
1,3,2,9,15,Uniform,112.5
1,4,2,9,19,Uniform,143.5
1,1,7,7,26,Uniform,229.98
1,2,4,6,15,Uniform,100.04
1,2,5,5,12,Uniform,102.5
1,2,4,6,30,Uniform,154.12
1,2,4,7,18,Uniform,260
1,3,4,8,8,Uniform,102.49
1,2,4,6,8,Uniform,265.52
1,2,7,8,19,Uniform,187.5
1,2,5,113,11,Uniform,120
1,2,4,7,21,Uniform,132.5
1,3,2,5,36,Uniform,312.5
1,3,5,8,27,Uniform,105
1,2,4,6,5,Uniform,269.98
1,1,5,5,8,Uniform,102.5
1,2,5,5,18,Uniform,147.5
1,3,4,7,15,Uniform,155
1,2,2,5,13,Uniform,142.5
1,1,8,8,13,Uniform,115
1,2,4,6,26,Uniform,247.5
1,1,5,5,20,Uniform,456.66
1,1,7,7,8,Uniform,110
1,1,7,7,10,Uniform,122.49
1,2,5,6,8,Uniform,105
1,3,7,14,4,Uniform,244.46
1,1,8,8,6,Uniform,105.45
1,2,3,6,24,Uniform,301.12
1,2,2,5,21,Uniform,302.65
1,2,6,7,7,Uniform,112.46
1,3,5,20,27,Uniform,384.97
1,2,4,6,8,Uniform,106.71
1,3,2,7,1,Uniform,139.99
1,2,4,8,7,Uniform,103.14
1,2,4,5,8,Favorite,110
1,2,6,8,7,Favorite,125
1,3,7,11,18,Uniform,212.5
1,2,2,7,17,Uniform,107.5
1,1,4,4,0,Uniform,119.99
1,2,3,5,16,Uniform,109.98
1,2,2,7,21,Uniform,170.12
1,1,7,7,16,Favorite,172.25
1,3,3,20,30,Uniform,135
1,2,5,11,19,Uniform,220
1,2,5,5,10,Uniform,152.68
1,2,4,7,19,Uniform,122.51
1,3,4,20,3,Uniform,304.43
1,2,6,8,13,Uniform,177.5
1,3,7,10,13,Uniform,197.5
1,2,6,10,6,Uniform,132.43
1,3,2,6,38,Uniform,404.58
1,4,3,9,31,Uniform,400.98
1,1,5,5,12,Uniform,129.94
1,3,4,6,27,Uniform,105
1,3,5,5,31,Uniform,750.96
1,4,5,12,14,Uniform,135
1,3,1,6,24,Uniform,173.77
1,1,7,7,10,Uniform,152.5
1,1,6,6,12,Uniform,128.01
1,2,4,7,28,Uniform,195.01
1,2,4,5,3,Uniform,246.52
1,3,4,7,17,Uniform,151.28
1,2,3,6,14,Uniform,108
1,1,9,9,31,Uniform,227.51
1,3,3,8,16,Uniform,129.88
1,3,5,9,20,Uniform,222.5
1,2,8,10,9,Favorite,110
1,1,5,5,20,Uniform,267.48
1,3,5,8,15,Uniform,163.13
1,1,6,6,15,Uniform,178.66
1,2,6,8,15,Favorite,150
1,2,5,9,11,Uniform,114.98
1,2,5,7,11,Uniform,101
1,1,4,4,8,Favorite,110.46
1,2,5,6,16,Uniform,173.68
1,2,4,7,21,Uniform,150
1,2,6,8,41,Uniform,245
1,3,4,9,19,Uniform,139.79
1,2,6,6,17,Uniform,105.02
1,3,4,7,2,Uniform,129.95
2,3,4,7,23,Uniform,213.7
1,2,3,7,7,Uniform,100
1,2,3,6,13,Uniform,147.22
1,2,8,11,4,Uniform,125.48
1,3,5,8,19,Uniform,217.46
1,2,2,5,20,Uniform,106.25
1,2,7,8,23,Uniform,247.5
1,1,5,5,21,Uniform,159.99
1,1,5,5,4,Uniform,112.97
1,3,6,12,21,Uniform,236.5
1,2,4,5,18,Uniform,152.98
1,2,7,9,2,Uniform,200
1,3,4,7,0,Favorite,479.97
1,1,7,7,14,Uniform,115.9
1,2,7,19,1,Favorite,137.98
1,1,6,6,12,Uniform,182.49
1,2,3,4,3,Uniform,123.64
1,2,3,6,4,Favorite,187.19
1,3,4,6,85,Uniform,752.25
1,2,3,6,16,Uniform,185
1,2,5,8,13,Uniform,125
1,2,3,6,1,Uniform,131.34
1,1,6,6,2,Uniform,211.12
1,1,5,5,0,Favorite,106.8
1,2,4,7,14,Uniform,135
1,2,6,6,20,Uniform,136.26
1,2,8,22,12,Uniform,265.01
1,2,5,7,6,Favorite,142.97
1,1,8,8,15,Uniform,205.24
1,2,5,7,8,Uniform,177.74
1,6,3,11,16,Uniform,172.5
2,1,5,5,12,Uniform,102.29
1,3,6,21,0,Uniform,131.42
1,4,5,8,29,Uniform,501.72
1,2,5,7,7,Uniform,170
1,2,4,7,8,Uniform,102.5
1,2,5,7,19,Uniform,137.75
1,2,5,8,15,Uniform,100
1,2,5,10,16,Uniform,125.49
1,3,5,7,24,Uniform,185
1,1,4,4,14,Uniform,112.5
1,3,5,5,3,Uniform,196.68
1,3,3,7,34,Uniform,175
1,2,6,8,22,Uniform,217.46
1,2,5,113,13,Uniform,127.51
1,3,3,113,24,Uniform,212.51
1,2,3,5,10,Uniform,132.5
1,4,2,14,18,Uniform,120.01
1,2,5,6,8,Uniform,444.23
1,3,3,20,15,Uniform,132.5
1,3,8,12,17,Uniform,132.51
1,3,6,15,12,Uniform,107.52
1,2,5,9,12,Uniform,115
1,3,2,7,17,Uniform,226.86
1,1,6,6,10,Uniform,112.5
1,3,2,7,34,Uniform,220.02
1,2,3,6,12,Uniform,148.97
1,2,8,10,14,Uniform,140
1,3,6,11,21,Uniform,167.5
1,2,3,4,10,Uniform,125
1,2,4,7,8,Uniform,128.72
1,4,3,7,13,Uniform,175
1,2,5,7,14,Uniform,112.5
1,2,4,7,20,Uniform,220
1,4,2,5,13,Uniform,130
1,2,5,8,26,Uniform,180
1,1,6,6,19,Uniform,156.25
1,2,5,9,34,Uniform,182.51
1,1,8,8,0,Uniform,189.97
1,3,6,10,11,Favorite,175
1,2,4,6,6,Uniform,197.5
1,2,7,9,2,Uniform,137.5
1,3,5,8,20,Uniform,187.5
1,2,6,9,12,Uniform,114.25
1,2,5,5,14,Uniform,155
1,1,5,5,26,Uniform,202.51
1,2,6,8,17,Uniform,342.5
1,3,6,6,9,Uniform,229.56
1,1,7,7,7,Uniform,158.97
1,2,5,7,10,Uniform,137.5
1,3,4,9,16,Uniform,187.22
1,3,4,9,5,Uniform,232.96
1,2,6,6,15,Uniform,185
1,2,6,7,13,Uniform,107.51
1,2,3,6,31,Uniform,313.43
1,5,5,113,10,Uniform,120
1,4,2,10,1,Uniform,107.98
1,2,4,7,14,Uniform,155
1,2,6,8,13,Uniform,115
1,2,7,12,8,Uniform,125
1,2,5,8,28,Uniform,150
1,2,5,8,20,Uniform,412.49
1,1,5,5,36,Uniform,207.5
1,2,5,7,15,Uniform,173
1,2,5,9,15,Uniform,167.5
1,3,5,8,3,Uniform,109.44
1,1,6,6,7,Uniform,115
1,2,3,6,6,Uniform,103.66
1,4,3,9,9,Uniform,134.38
1,3,6,6,56,Uniform,365
1,4,1,8,11,Uniform,100
1,2,3,5,12,Uniform,105
1,2,4,6,13,Uniform,100.04
1,2,6,8,20,Uniform,142.5
1,2,5,9,19,Uniform,248.97
1,2,4,8,9,Uniform,257.5
1,4,4,8,9,Uniform,107.99
1,1,7,7,10,Favorite,108.5
1,2,6,8,16,Uniform,167.51
1,2,5,5,13,Uniform,117.5
1,1,6,6,17,Uniform,155
1,2,4,6,14,Uniform,190
1,6,0,6,14,Uniform,185
1,1,4,4,11,Uniform,104
1,1,5,5,11,Uniform,122.5
1,1,6,6,13,Uniform,130
1,1,5,5,18,Uniform,158.5
1,3,4,6,22,Uniform,207.5
1,2,6,9,12,Uniform,153.96
1,3,5,10,9,Uniform,122.48
1,2,5,6,21,Uniform,190.48
1,1,3,3,9,Uniform,140.98
1,1,7,7,21,Uniform,142.53
1,4,5,10,13,Uniform,236.9
1,2,5,6,19,Uniform,155.02
1,2,4,8,15,Uniform,118
1,3,2,8,23,Uniform,182.52
1,5,2,9,18,Uniform,304.99
1,2,6,8,16,Uniform,195
1,3,3,10,19,Uniform,212
1,1,7,7,10,Uniform,126.13
1,2,1,4,19,Uniform,121.24
1,1,6,6,9,Favorite,105
1,2,3,5,14,Uniform,105
1,3,1,8,11,Uniform,110
1,1,5,5,11,Favorite,100
1,2,6,7,8,Uniform,201.59
1,2,3,5,5,Uniform,127.65
1,2,4,7,11,Uniform,102.51
1,3,2,8,28,Uniform,145
1,1,6,6,28,Uniform,283.4
1,3,7,9,10,Uniform,120
1,2,5,7,6,Uniform,229.9
1,1,8,8,21,Uniform,275
1,2,2,5,28,Uniform,161.25
1,5,2,8,17,Favorite,172.5
1,1,7,7,27,Uniform,382.5
1,1,5,5,23,Uniform,170
1,3,4,8,30,Uniform,303.69
1,2,5,7,8,Uniform,112.51
1,3,3,6,15,Uniform,150
1,2,5,6,2,Uniform,177.49
1,2,6,7,23,Uniform,257.5
1,7,3,8,22,Uniform,190
1,2,7,11,9,Uniform,127.47
1,3,6,9,12,Uniform,106.15
1,2,6,7,19,Uniform,210.71
1,2,3,4,15,Uniform,267.49
1,4,3,11,20,Uniform,120
1,3,4,9,13,Uniform,137.5
1,2,4,6,61,Uniform,477.65
1,4,4,17,12,Uniform,100
1,1,7,7,10,Uniform,128.65
1,2,4,7,19,Uniform,203.62
1,2,9,10,4,Uniform,126.21
2,2,4,9,13,Uniform,146.92
1,1,5,5,8,Uniform,250
1,2,4,6,20,Uniform,268.23
1,3,4,8,7,Uniform,100
1,2,4,5,21,Uniform,105.01
1,2,5,7,0,Favorite,116.91
1,2,5,8,0,Uniform,141.21
1,2,6,6,13,Uniform,102.49
1,1,6,6,26,Uniform,192.64
1,2,3,5,18,Uniform,177.5
1,3,7,9,14,Uniform,112.55
1,4,3,9,15,Uniform,110
1,3,8,12,12,Uniform,105.01
1,2,4,7,1,Uniform,149.99
1,3,5,10,5,Uniform,109.57
1,3,6,11,18,Uniform,239
1,2,2,3,17,Uniform,210
1,2,4,6,23,Uniform,225.45
1,2,6,7,39,Uniform,203.78
1,2,6,8,32,Uniform,286.27
1,3,4,9,15,Uniform,112.5
1,1,5,5,24,Uniform,235
1,2,5,7,9,Uniform,127.5
1,2,5,6,4,Uniform,109.96
1,2,3,5,14,Uniform,137.5
1,3,1,5,25,Uniform,127.52
1,1,6,6,28,Uniform,170
1,1,4,4,40,Uniform,598.47
1,1,6,6,40,Uniform,284.26
1,2,4,9,13,Uniform,176.84
1,2,5,7,16,Uniform,182.5
1,2,3,6,16,Uniform,196.25
1,3,1,7,17,Uniform,132.5
1,3,7,9,41,Uniform,327.42
1,1,8,8,21,Uniform,220.5
1,2,2,5,16,Uniform,120
1,1,6,6,2,Uniform,177.49
1,1,7,7,9,Uniform,117.5
1,1,5,5,4,Uniform,187.45
1,1,6,6,17,Uniform,111.49
1,1,5,5,31,Uniform,292.48
1,1,5,5,16,Favorite,125
1,2,4,6,23,Uniform,361.16
1,3,4,6,18,Uniform,180
1,3,5,6,28,Uniform,232.5
1,3,3,9,17,Uniform,132.5
1,1,4,4,24,Uniform,192.51
1,2,6,6,12,Uniform,202.44
1,1,6,6,16,Uniform,110
1,3,8,8,2,Uniform,197.5
1,5,5,21,13,Uniform,105
1,3,8,10,18,Uniform,122.5
1,4,4,6,13,Uniform,142.5
1,1,6,6,12,Uniform,102.5
1,4,1,7,2,Uniform,122.85
1,1,5,5,13,Uniform,137.48
1,1,8,8,9,Uniform,100
1,2,8,10,10,Uniform,100
1,3,5,9,14,Uniform,279.99
1,3,2,9,14,Uniform,132.5
1,1,6,6,11,Uniform,107.5
1,5,4,9,15,Uniform,140
1,3,5,8,14,Uniform,102.5
1,1,5,5,12,Uniform,130.76
1,2,3,8,11,Uniform,142.99
1,1,6,6,14,Uniform,185.49
1,3,5,9,29,Uniform,294.92
1,3,6,8,11,Uniform,145
1,2,3,5,16,Uniform,127.5
1,1,4,4,5,Uniform,103.58
1,3,4,6,1,Uniform,172.5
1,2,6,8,7,Uniform,110
1,1,8,8,10,Uniform,122.51
1,3,3,7,11,Uniform,161.35
1,1,7,7,24,Uniform,180.02
1,3,7,10,25,Uniform,122.5
1,2,4,6,17,Uniform,107.5
1,2,8,8,19,Uniform,202.5
1,3,5,7,4,Uniform,142.47
1,3,2,8,16,Uniform,142.5
1,3,4,7,42,Uniform,573.39
1,5,6,21,13,Uniform,110
1,4,2,8,10,Uniform,152
1,3,4,8,18,Uniform,263.6
1,3,3,12,2,Uniform,313.09
1,5,4,9,26,Uniform,205
1,1,4,4,13,Uniform,147.5
1,1,6,6,10,Uniform,130
1,2,3,5,10,Uniform,269.97
1,2,5,8,11,Uniform,125
1,2,6,8,17,Uniform,105
1,2,7,10,5,Uniform,791.87
1,4,3,6,16,Uniform,102.5
1,2,5,7,11,Uniform,130
1,1,10,10,13,Uniform,107.5
1,2,5,6,42,Uniform,335
1,1,5,5,11,Uniform,105
1,2,6,9,9,Uniform,117.5
1,2,4,8,11,Uniform,140
1,2,4,7,8,Uniform,112.48
1,5,2,8,21,Uniform,217.5
1,1,6,6,30,Uniform,433.99
1,3,5,6,36,Uniform,283.77
1,2,5,7,22,Uniform,186.25
1,2,7,10,0,Favorite,189.93
1,3,4,8,20,Uniform,149.98
1,1,6,6,16,Uniform,184.95
1,2,5,7,20,Uniform,307.98
1,1,5,5,13,Uniform,112.25
1,1,7,7,8,Uniform,137.5
1,1,6,6,11,Uniform,120
1,1,6,6,20,Favorite,179.41
2,2,6,7,28,Uniform,309.94
1,1,8,8,19,Uniform,256.49
1,2,3,5,1,Uniform,187.5
1,2,6,10,12,Uniform,122.5
1,2,3,7,11,Uniform,110
1,3,4,8,8,Uniform,204.99
1,3,4,22,0,Uniform,212.96
1,2,3,5,15,Uniform,125.48
1,4,3,8,15,Uniform,185
1,1,6,6,17,Uniform,125.01
1,2,5,8,26,Uniform,174
1,2,4,7,21,Uniform,182.5
1,2,4,6,17,Uniform,142.5
1,2,3,7,20,Uniform,146.5
2,2,3,5,18,Uniform,120.58
1,2,4,6,14,Favorite,153.75
1,5,4,9,14,Uniform,259.33
1,3,5,7,20,Uniform,167.5
1,1,5,5,20,Uniform,126.75
1,1,4,4,23,Uniform,188.66
1,2,4,5,21,Uniform,180
1,2,4,7,15,Uniform,135.48
2,3,4,7,19,Uniform,131.92
1,3,3,8,12,Uniform,288.65
2,2,5,7,22,Uniform,126.52
1,2,7,8,81,Uniform,452.5
1,2,6,7,11,Uniform,108.26
1,6,2,9,22,Uniform,187.5
1,2,4,6,14,Uniform,107.5
1,3,2,6,8,Uniform,102.5
1,2,4,6,12,Uniform,120.75
1,1,7,7,7,Uniform,265
1,3,4,7,19,Uniform,110
1,2,5,6,10,Uniform,117.5
1,1,4,4,22,Uniform,220
1,2,3,5,13,Favorite,195
1,2,5,6,9,Uniform,231
1,2,6,11,15,Uniform,155
1,2,4,5,10,Uniform,117.5
1,1,8,8,11,Uniform,171.46
1,2,4,4,5,Uniform,219.18
1,5,3,6,11,Favorite,148.64
1,2,8,9,30,Uniform,180
1,3,3,6,11,Uniform,135.21
1,4,3,5,14,Uniform,127.62
1,2,5,6,10,Uniform,101.25
1,4,4,12,6,Uniform,110.96
1,2,5,6,10,Uniform,152.47
1,5,4,8,30,Uniform,225
1,3,3,6,21,Uniform,145
1,4,4,11,10,Uniform,150
1,1,6,6,3,Uniform,108.45
1,1,5,5,19,Uniform,200
1,2,4,6,24,Uniform,260
1,1,5,5,2,Uniform,157.46
1,1,4,4,19,Uniform,125.01
1,2,5,8,11,Uniform,100
1,2,5,11,11,Uniform,114.99
1,4,4,9,33,Uniform,488.73
1,2,3,5,17,Uniform,144.23
1,2,4,7,12,Uniform,122.5
1,2,4,6,10,Uniform,144
1,2,4,7,7,Uniform,114.23
1,2,4,6,15,Uniform,160
1,5,5,12,8,Uniform,420.98
1,3,2,7,14,Uniform,207.44
1,2,4,6,16,Uniform,205.49
1,1,6,6,3,Uniform,142.49
1,2,6,9,10,Uniform,110
1,3,4,10,14,Uniform,102.5
1,1,7,7,14,Uniform,112.51
1,3,7,11,11,Uniform,127.5
1,2,7,11,13,Uniform,107.5
1,2,6,8,14,Uniform,130
1,2,6,7,14,Uniform,117.5
1,3,2,8,9,Uniform,192.73
1,2,5,7,13,Uniform,115
1,4,3,7,32,Uniform,441.23
1,2,4,8,0,Uniform,123.7
1,3,6,8,5,Uniform,591.75
1,4,3,7,12,Uniform,101.25
1,2,4,7,29,Uniform,150.01
1,2,6,8,15,Uniform,120
1,3,3,5,16,Uniform,137.48
1,2,4,9,7,Uniform,100
1,1,7,7,6,Uniform,109.99
1,2,5,7,21,Uniform,160
1,2,3,5,15,Uniform,105.01
1,1,6,6,16,Uniform,152.5
1,4,4,6,28,Uniform,194.99
1,2,5,7,22,Uniform,179.52
1,1,3,3,10,Uniform,102.5
1,2,3,5,2,Uniform,192.98
1,7,5,12,30,Uniform,195
1,2,3,5,11,Uniform,161
1,2,4,5,22,Uniform,215
1,2,6,7,13,Uniform,165
1,1,4,4,11,Favorite,120
1,2,1,4,15,Uniform,137.5
1,2,4,7,10,Uniform,140
1,2,3,5,10,Uniform,132.5
1,1,6,6,0,Uniform,180
1,2,4,6,16,Uniform,137.5
1,3,5,11,11,Uniform,132.5
1,1,7,7,10,Uniform,112.5
1,1,6,6,5,Uniform,135.81
1,2,9,12,7,Uniform,102.5
1,3,5,9,16,Uniform,102.5
1,1,7,7,15,Favorite,222.5
1,1,6,6,15,Uniform,145
1,2,6,9,37,Uniform,290
1,3,4,6,13,Uniform,103
1,5,3,9,12,Uniform,145.39
1,2,4,8,11,Uniform,132.5
1,3,3,4,32,Uniform,105.78
1,2,3,4,6,Uniform,252.72
1,1,9,9,20,Uniform,203.47
1,2,9,11,11,Uniform,171.25
1,2,8,8,22,Uniform,140
1,2,5,7,30,Uniform,222.51
1,2,5,7,17,Uniform,134.5
1,2,6,10,8,Uniform,108.97
1,1,4,4,15,Uniform,152.5
1,1,5,5,15,Uniform,132.31
1,3,4,6,24,Uniform,192.5
1,2,4,6,6,Uniform,126.99
1,2,5,8,14,Uniform,110.02
1,2,3,6,9,Uniform,110
1,1,7,7,12,Uniform,106.25
1,1,6,6,10,Uniform,105.01
1,2,2,5,17,Uniform,121.75
1,4,6,12,17,Uniform,200
1,2,4,7,25,Uniform,285.01
1,2,5,7,10,Uniform,102.99
1,2,6,7,14,Uniform,147.5
1,1,8,8,13,Uniform,110
1,2,6,9,12,Uniform,109.93
1,3,4,9,9,Uniform,112.5
1,4,1,8,30,Uniform,253.51
1,2,1,4,12,Uniform,133.74
1,2,5,7,10,Uniform,122.5
1,2,2,7,5,Uniform,112.96
1,2,2,5,14,Uniform,117.5
1,6,6,10,12,Uniform,150
1,2,5,8,9,Uniform,219.99
1,1,8,8,6,Favorite,202.5
1,1,4,4,20,Uniform,248.71
1,2,4,6,25,Uniform,155.03
1,1,6,6,12,Uniform,105.49
1,1,5,5,4,Uniform,117.45
1,3,3,7,17,Uniform,136.25
1,1,6,6,34,Uniform,250.01
1,1,7,7,8,Uniform,127.97
1,4,5,9,12,Uniform,140
1,2,5,7,16,Uniform,280
1,2,6,8,21,Uniform,145
1,3,6,11,26,Uniform,280
1,3,7,9,2,Uniform,284.53
1,3,4,6,4,Uniform,227.48
1,5,6,18,14,Uniform,100
1,2,4,7,5,Uniform,205.69
1,3,8,11,12,Uniform,187.48
1,3,5,9,18,Uniform,150
1,2,7,7,37,Uniform,252.5
1,2,3,7,29,Uniform,155
1,2,3,7,21,Uniform,107.5
1,2,3,5,12,Favorite,107.97
1,4,1,7,16,Uniform,132.52
1,3,3,9,12,Uniform,125
1,3,7,20,6,Uniform,106.17
1,3,7,10,9,Uniform,125
1,2,5,7,17,Uniform,169.22
1,2,12,16,6,Favorite,102.49
1,4,4,6,19,Uniform,138.77
1,2,8,12,13,Uniform,200
1,2,5,7,14,Uniform,149.98
1,1,4,4,12,Uniform,100
1,3,5,8,4,Uniform,134.94
1,2,5,7,21,Uniform,137.55
1,2,3,6,13,Uniform,155
1,5,4,8,11,Uniform,144.84
1,3,6,8,14,Uniform,187.5
1,2,5,7,14,Uniform,375.49
1,1,4,4,13,Uniform,122.5
1,4,6,12,11,Uniform,115
1,9,4,23,28,Uniform,285
1,2,4,6,13,Uniform,102.5
1,1,8,8,14,Uniform,112.5
1,2,4,6,21,Uniform,202.5
1,2,6,8,11,Uniform,137.5
1,1,6,6,13,Uniform,100
1,1,6,6,26,Uniform,270
1,2,5,7,12,Uniform,120
1,1,5,5,12,Uniform,117.51
1,1,5,5,13,Uniform,132.51
1,1,7,7,12,Uniform,122.5
1,2,4,7,13,Uniform,115
1,2,4,7,0,Favorite,119.99
1,1,113,113,32,Uniform,378.76
1,2,2,5,27,Uniform,337.49
1,3,2,7,31,Uniform,180.04
1,2,9,9,23,Uniform,199.99
1,3,5,12,20,Uniform,170.02
1,2,1,5,10,Uniform,123
1,4,1,6,25,Uniform,155
1,5,4,9,18,Uniform,237.46
1,3,5,8,14,Uniform,339.98
1,2,4,4,15,Uniform,100
1,3,5,8,10,Uniform,112.5
1,2,4,6,16,Uniform,180
1,2,2,4,15,Uniform,107.5
2,4,2,20,17,Uniform,156.99
1,1,6,6,9,Uniform,120
1,3,6,8,11,Uniform,102.5
1,2,4,6,18,Uniform,102.5
1,2,6,9,4,Uniform,119.99
1,2,3,5,9,Uniform,122.5
1,1,4,4,14,Uniform,105
1,1,5,5,16,Uniform,100
1,1,9,9,2,Uniform,231.13
1,5,5,8,31,Uniform,302.5
1,2,0,3,12,Uniform,109.98
1,3,5,13,11,Uniform,137.5
1,2,7,7,11,Uniform,117.5
1,3,2,6,21,Uniform,203
1,2,5,7,3,Uniform,100.94
1,1,6,6,0,Uniform,126.08
1,2,4,6,12,Uniform,117.5
1,2,4,5,12,Uniform,115
1,2,6,7,16,Uniform,174.58
1,3,4,9,22,Uniform,212.5
1,1,7,7,6,Uniform,127.04
1,1,8,8,11,Uniform,122.48
1,3,4,6,18,Uniform,187.5
1,3,4,14,33,Uniform,212.5
1,2,4,5,14,Uniform,120
1,3,5,10,15,Uniform,195
1,1,6,6,42,Uniform,288.14
1,1,6,6,7,Uniform,126.28
1,2,6,6,16,Uniform,122
1,1,6,6,11,Uniform,141.25
1,1,7,7,4,Uniform,147.46
1,2,17,22,10,Uniform,120.64
1,1,5,5,0,Uniform,180
1,2,7,7,1,Uniform,137.49
1,2,3,7,19,Uniform,217.5
1,2,5,7,21,Uniform,241.73
1,2,4,6,2,Uniform,380.08
1,1,5,5,11,Uniform,120
1,3,5,11,3,Uniform,212.49
1,2,2,7,8,Uniform,117.5
1,1,7,7,19,Uniform,107.53
1,2,5,9,9,Uniform,110
1,2,4,5,5,Uniform,217.98
1,2,5,7,6,Uniform,100
1,2,3,6,9,Uniform,142.5
1,4,6,10,13,Favorite,107.5
1,1,8,8,15,Uniform,105.5
1,4,5,113,27,Uniform,235.04
1,3,3,6,14,Uniform,199.3
1,4,5,21,4,Uniform,207.5
1,3,5,9,30,Uniform,164.96
1,1,5,5,10,Uniform,111.5
1,2,5,7,10,Uniform,155.47
1,3,6,7,6,Uniform,128.72
1,2,6,7,9,Uniform,130
1,2,2,4,14,Uniform,170
1,2,5,5,17,Uniform,120.75
1,3,3,9,19,Uniform,190
1,3,4,10,6,Uniform,101.32
1,2,4,4,8,Uniform,131.6
1,2,4,6,9,Uniform,112.5
1,2,6,6,10,Uniform,135
1,4,3,7,18,Uniform,183.51
1,2,5,6,11,Uniform,128.25
1,3,3,8,21,Uniform,125
2,2,5,5,11,Uniform,144.03
1,2,4,6,21,Uniform,117.5
1,2,4,7,1,Uniform,207.97
1,3,3,7,13,Uniform,207.5
1,2,5,7,6,Uniform,195.01
1,2,7,11,20,Uniform,157.51
1,3,1,4,15,Favorite,135
1,1,5,5,10,Uniform,187.51
1,2,4,6,10,Uniform,130
1,1,6,6,20,Uniform,152.5
1,3,6,14,22,Uniform,118.5
1,2,4,6,19,Uniform,262.97
1,2,5,7,4,Uniform,135.41
1,4,1,7,4,Uniform,287.15
1,1,8,8,11,Uniform,139.5
1,1,8,8,8,Uniform,102.51
1,1,6,6,10,Uniform,122.5
1,1,6,6,12,Uniform,107.5
1,2,7,9,15,Uniform,147.45
1,1,6,6,25,Uniform,113
1,1,5,5,30,Uniform,190.03
1,3,6,21,21,Uniform,122.5
1,4,3,6,35,Uniform,305.01
1,2,1,6,8,Uniform,160.1
1,2,4,6,20,Uniform,125.03
1,2,2,5,9,Uniform,150
1,4,2,8,15,Uniform,105
1,1,4,4,44,Uniform,662.48
1,1,7,7,13,Uniform,197.5
1,1,4,4,18,Uniform,140.64
1,3,3,19,30,Uniform,142.5
1,3,5,11,31,Uniform,235
1,2,5,8,14,Uniform,112.5
1,2,3,6,11,Uniform,147.47
1,3,2,7,10,Uniform,100
1,5,2,10,13,Uniform,131.24
1,3,3,7,15,Uniform,192.5
1,1,5,5,14,Uniform,147.65
1,3,4,8,11,Uniform,107.5
1,1,6,6,4,Uniform,102.48
1,2,3,5,20,Uniform,142.5
1,3,6,9,20,Uniform,190
1,1,6,6,12,Uniform,211.99
1,2,5,7,6,Uniform,100
1,4,5,8,20,Uniform,120
1,2,5,8,5,Uniform,234.99
1,2,5,10,15,Uniform,120
1,2,8,10,10,Uniform,140
1,1,8,8,11,Uniform,152.5
1,2,2,5,14,Uniform,189.98
1,3,2,7,6,Uniform,113.46
1,2,6,8,18,Uniform,150
1,2,5,7,17,Uniform,135
1,2,7,9,9,Uniform,103.75
1,1,7,7,0,Uniform,130.69
1,1,5,5,14,Uniform,100
1,1,8,8,30,Uniform,172.79
1,11,0,22,21,Uniform,125.53
1,1,4,4,10,Favorite,122.48
1,1,5,5,2,Uniform,112.5
1,2,3,5,9,Uniform,221.79
1,2,2,5,8,Uniform,237.49
1,1,6,6,2,Uniform,114.96
1,1,5,5,12,Uniform,100
1,3,5,8,2,Favorite,159.48
1,1,4,4,15,Uniform,105
1,2,5,8,0,Uniform,130.11
1,2,5,8,13,Uniform,110
1,1,6,6,12,Uniform,115.01
1,2,4,7,18,Uniform,135
1,4,5,7,15,Uniform,102.5
1,2,6,9,9,Uniform,140
1,1,6,6,20,Uniform,223.01
1,2,4,6,10,Uniform,109.05
1,4,4,5,11,Uniform,198.09
1,3,3,7,9,Uniform,100
1,1,4,4,8,Uniform,142.48
1,3,6,23,16,Uniform,103.5
1,1,6,6,1,Uniform,312.5
1,1,6,6,39,Uniform,278.72
1,2,9,9,23,Uniform,310.01
1,1,6,6,0,Uniform,129.99
1,2,2,4,12,Uniform,132.5
1,5,3,7,20,Uniform,122.52
1,2,2,4,14,Uniform,119.98
1,1,5,5,20,Uniform,137.53
1,2,2,5,6,Uniform,100
1,3,4,6,0,Uniform,112.68
1,2,3,5,23,Uniform,139.98
1,4,4,9,9,Uniform,117.48
1,2,6,8,14,Uniform,174.5
1,3,2,20,2,Uniform,145.43
1,3,5,11,12,Uniform,110.01
1,3,5,9,6,Uniform,192.49
1,1,5,5,9,Uniform,108
1,2,5,7,17,Uniform,170
1,2,4,4,20,Uniform,102.54
1,2,5,7,16,Uniform,120
1,2,6,13,18,Uniform,125
1,1,7,7,14,Uniform,152.5
1,1,7,7,10,Favorite,117.5
1,2,5,6,10,Uniform,112.5
1,2,5,7,5,Uniform,102.5
1,1,6,6,10,Uniform,110
1,4,8,10,16,Uniform,197.5
1,2,3,5,13,Uniform,152.5
1,2,6,8,15,Uniform,117.53
1,3,1,6,17,Uniform,310.92
1,1,5,5,0,Uniform,166.8
1,5,4,12,11,Uniform,152.5
1,4,4,7,25,Uniform,419.95
1,4,1,7,10,Uniform,166.45
1,1,6,6,20,Uniform,178.74
1,2,7,10,12,Uniform,151.99
1,3,5,20,19,Uniform,315.12
1,2,5,5,2,Uniform,150.24
1,1,5,5,22,Uniform,207.5
1,3,4,7,29,Uniform,210
1,2,6,9,12,Uniform,160
1,2,5,8,0,Uniform,160.67
1,1,6,6,14,Uniform,135.02
1,2,5,9,10,Uniform,107.5
1,2,4,7,1,Favorite,102.17
1,2,6,10,10,Uniform,262.5
1,2,5,7,12,Uniform,105
1,5,2,11,11,Uniform,100
1,3,8,14,15,Uniform,102.51
1,1,5,5,17,Uniform,112.51
1,2,5,7,15,Uniform,147.5
1,2,7,7,22,Uniform,249
1,1,6,6,5,Uniform,102.97
1,2,6,9,9,Uniform,120
1,2,4,5,0,Uniform,205.93
1,2,5,5,21,Uniform,173.75
1,3,2,8,20,Uniform,107.47
1,3,4,9,12,Uniform,110
1,3,4,10,4,Uniform,126.2
1,3,3,6,21,Uniform,117.53
1,1,4,4,8,Uniform,116.89
1,2,4,6,26,Uniform,191.25
1,2,5,8,13,Uniform,150
1,2,6,7,16,Uniform,122.5
1,2,5,11,5,Uniform,220.96
1,1,6,6,0,Uniform,108.5
1,2,6,10,16,Uniform,142.5
1,2,5,8,14,Uniform,132.51
1,2,4,8,13,Uniform,171.25
1,3,8,13,12,Uniform,142.5
1,2,6,9,18,Uniform,120
1,1,6,6,11,Uniform,116.75
1,3,5,7,13,Uniform,150
1,1,7,7,0,Uniform,185.46
1,1,4,4,3,Uniform,107.46
1,2,4,5,0,Uniform,194.61
1,3,5,10,32,Uniform,187.98
1,2,8,10,6,Uniform,107.5
1,2,4,7,21,Uniform,172.99
1,3,4,4,35,Uniform,302.5
1,2,4,6,17,Uniform,319.03
1,2,7,8,13,Uniform,187
1,4,3,7,22,Uniform,270
1,3,3,7,8,Uniform,219.96
1,3,3,9,30,Uniform,313.97
1,4,4,15,28,Uniform,132.5
1,1,6,6,9,Uniform,110
1,4,2,5,24,Uniform,366.88
1,2,6,7,19,Uniform,142.52
1,2,6,8,37,Uniform,165
1,2,6,9,10,Uniform,234.99
1,3,3,6,15,Uniform,105.25
1,2,3,7,20,Uniform,163.43
1,2,7,9,9,Uniform,101.23
2,2,4,6,20,Uniform,155.43
1,2,4,8,9,Uniform,289.99
1,1,4,4,11,Uniform,112.51
1,3,5,9,0,Uniform,127.96
1,2,3,6,17,Uniform,100.01
1,2,4,6,14,Uniform,147.5
1,1,5,5,16,Uniform,172.5
1,2,7,10,22,Uniform,172.5
1,2,5,7,14,Uniform,279.99
1,1,7,7,2,Uniform,201.16
1,2,5,8,18,Uniform,150.02
1,3,3,6,8,Uniform,102.47
1,2,6,8,1,Favorite,168.77
1,2,4,5,13,Uniform,162.5
1,1,7,7,4,Uniform,106.21
1,3,1,8,23,Uniform,225
1,1,6,6,11,Uniform,110.49
1,1,6,6,23,Uniform,260
1,3,5,11,8,Uniform,270.93
1,3,5,11,11,Uniform,107.98
1,1,5,5,6,Uniform,210
1,1,4,4,11,Uniform,102.5
1,3,5,8,18,Uniform,102.52
1,2,6,6,8,Uniform,103.25
1,3,5,12,26,Uniform,195
1,1,4,4,8,Uniform,128.14
1,3,6,10,27,Uniform,150
1,1,6,6,12,Uniform,125.48
1,2,6,8,19,Uniform,207.5
1,5,5,13,18,Uniform,211.83
1,3,2,7,17,Uniform,145
1,1,7,7,6,Uniform,102.29
1,1,6,6,7,Uniform,110
1,2,6,8,16,Uniform,224.98
1,3,1,8,15,Uniform,105.04
1,4,3,9,16,Uniform,125
1,2,5,10,16,Uniform,102.51
1,2,6,6,16,Uniform,115
1,2,6,9,18,Uniform,311.33
1,2,5,7,15,Uniform,110.52
1,3,6,8,2,Uniform,197.47
2,2,4,8,20,Uniform,193.23
1,1,7,7,0,Uniform,189.48
1,2,6,10,4,Uniform,138.59
1,3,4,8,15,Uniform,212.5
1,2,4,6,14,Favorite,142.5
1,2,7,7,39,Uniform,537.5
1,3,3,11,23,Uniform,227.76
1,3,3,8,25,Uniform,177.5
1,3,6,12,22,Uniform,157.5
1,2,4,7,24,Uniform,205.26
1,2,3,6,21,Uniform,262.99
1,2,4,6,12,Uniform,132.43
1,5,2,6,23,Uniform,170
1,2,2,7,18,Uniform,108.27
1,1,7,7,6,Uniform,111.75
1,4,1,11,20,Uniform,150
1,2,5,7,6,Uniform,422.5
1,2,6,9,17,Uniform,127
1,1,5,5,15,Uniform,114
1,2,5,7,9,Uniform,110.49
1,3,6,10,19,Uniform,180
1,2,8,8,20,Uniform,242.5
1,5,5,20,17,Uniform,169
1,3,6,8,13,Uniform,210
1,2,3,8,2,Uniform,215.47
1,2,8,8,14,Uniform,125
1,1,5,5,17,Uniform,155
1,3,6,15,9,Uniform,150.06
1,2,3,7,13,Uniform,275.25
1,3,3,10,10,Uniform,140.5
1,2,5,8,10,Favorite,112.5
1,1,5,5,15,Uniform,141.01
1,3,4,7,14,Uniform,147.76
1,1,8,8,9,Uniform,228.11
1,1,6,6,13,Uniform,107.51
1,4,4,8,16,Uniform,102.52
1,2,5,9,35,Uniform,277.5
1,2,6,8,32,Uniform,215.02
1,2,3,7,18,Uniform,100
1,4,2,6,24,Uniform,347.91
1,1,6,6,6,Favorite,105
1,1,7,7,15,Uniform,140.5
1,2,3,5,14,Uniform,110
1,2,4,7,17,Uniform,130
1,1,6,6,10,Uniform,141.25
1,1,5,5,11,Uniform,167.46
1,2,5,7,14,Uniform,110
1,4,3,9,5,Uniform,134.97
1,2,4,6,9,Uniform,115.01
1,4,4,6,21,Uniform,245.46
1,2,4,7,13,Uniform,206.11
1,2,6,8,6,Uniform,100.98
1,3,4,7,14,Uniform,115
1,2,2,5,14,Uniform,115.64
1,2,3,6,22,Uniform,117.5
1,1,6,6,1,Uniform,135.18
1,4,4,9,60,Uniform,399.01
1,2,4,5,13,Uniform,179.74
1,2,4,7,10,Uniform,187.47
1,2,8,8,8,Uniform,117.5
1,2,4,9,14,Uniform,100
1,2,5,10,20,Uniform,112.5
1,2,3,5,3,Uniform,291.82
2,1,6,6,13,Uniform,144.72
1,4,4,8,16,Uniform,145
1,4,5,9,8,Uniform,139.96
1,2,5,9,10,Uniform,102.49
1,1,4,4,12,Uniform,152.5
1,1,8,8,14,Uniform,180.66
1,2,4,6,20,Uniform,140
1,2,6,9,10,Uniform,100
1,7,3,10,30,Uniform,269.25
1,6,9,113,23,Uniform,240.98
1,1,5,5,9,Uniform,100
1,2,6,6,9,Uniform,160
1,2,5,5,12,Uniform,170
1,3,6,10,21,Uniform,131.71
1,3,4,8,21,Uniform,269.5
1,2,2,4,13,Uniform,117.52
1,3,6,10,18,Uniform,277.53
1,2,3,6,24,Uniform,177.51
1,2,5,7,11,Uniform,132.5
2,3,5,8,12,Uniform,123.4
1,2,5,7,25,Uniform,174
1,3,5,10,18,Uniform,110
1,4,4,8,17,Uniform,160
1,2,5,9,9,Uniform,105
1,2,4,7,9,Uniform,112.5
1,2,2,7,3,Uniform,164.99
1,2,3,7,14,Uniform,127.5
1,2,4,5,33,Uniform,237.52
1,2,4,8,6,Uniform,112.5
1,2,4,6,11,Uniform,110
1,2,4,8,2,Favorite,219.99
1,2,6,8,17,Uniform,162.5
1,1,5,5,17,Uniform,122.5
1,4,2,10,4,Uniform,215.48
1,2,5,9,21,Uniform,107.5
1,3,3,8,25,Uniform,180
1,1,5,5,4,Uniform,187.49
1,1,6,6,13,Uniform,177.51
1,4,5,11,24,Uniform,152.49
1,3,5,11,0,Uniform,399.85
1,3,4,11,16,Uniform,120
1,2,7,8,16,Uniform,127.5
1,1,4,4,23,Uniform,107.51
1,2,3,6,13,Uniform,122.5
1,2,7,7,35,Uniform,307.5
1,2,5,7,12,Uniform,338.19
1,3,4,8,7,Uniform,201.51
1,2,9,9,14,Favorite,165.92
1,4,4,10,21,Uniform,118
1,5,5,5,38,Uniform,459.96
1,3,6,8,11,Uniform,230.02
1,2,6,9,12,Uniform,133.75
1,1,6,6,17,Uniform,137.51
1,3,5,20,25,Uniform,257.45
1,2,5,7,7,Uniform,120
1,2,5,7,26,Uniform,287.5
1,2,4,7,15,Uniform,133.75
1,4,4,5,15,Uniform,150
1,3,4,8,11,Uniform,145
1,1,5,5,10,Uniform,110
1,2,4,7,8,Uniform,377.84
1,1,4,4,10,Uniform,226.37
1,1,7,7,7,Uniform,100.01
1,1,5,5,14,Uniform,138.75
1,1,6,6,9,Uniform,117.5
1,1,5,5,7,Uniform,130
1,1,6,6,25,Uniform,185.01
1,1,6,6,13,Uniform,232.49
1,2,4,6,8,Uniform,117.5
1,4,5,6,22,Uniform,177.5
1,1,7,7,39,Uniform,561.99
1,2,4,6,10,Uniform,120
1,2,4,6,9,Uniform,116.16
1,3,6,8,17,Uniform,165
1,2,4,6,13,Uniform,273.93
1,1,5,5,11,Uniform,229.99
1,1,5,5,14,Uniform,122.5
1,5,6,9,18,Uniform,152.5
1,3,3,7,18,Uniform,105
1,2,4,7,17,Uniform,143.75
1,2,6,7,10,Uniform,105
1,2,5,9,6,Uniform,119.52
1,2,4,5,32,Uniform,295
1,1,7,7,10,Uniform,127.5
1,1,5,5,10,Uniform,107.49
1,3,4,7,18,Uniform,273.57
1,1,8,8,2,Uniform,195.48
1,1,6,6,2,Uniform,195
1,2,5,6,18,Uniform,160.01
1,1,5,5,10,Uniform,160.46
1,2,6,8,3,Uniform,106.75
1,2,5,6,15,Uniform,185
1,2,4,6,10,Uniform,130.01
1,1,6,6,11,Uniform,101.5
1,2,5,6,13,Uniform,150
1,1,6,6,14,Uniform,118.56
1,1,7,7,16,Uniform,178.75
1,2,0,5,4,Uniform,158.43
1,2,5,8,16,Uniform,164.96
1,3,3,6,1,Uniform,158.45
1,2,8,10,18,Uniform,115
1,1,4,4,11,Uniform,123.98
1,2,4,9,27,Uniform,222.5
2,2,4,5,8,Uniform,144.93
1,1,6,6,11,Uniform,117.5
1,3,3,6,17,Uniform,112.5
1,2,4,6,21,Uniform,103.75
1,2,4,5,15,Uniform,140.49
1,3,1,7,49,Uniform,377.5
1,2,3,7,4,Favorite,130.4
1,1,113,113,16,Uniform,159.99
1,2,6,8,29,Uniform,220
1,2,5,7,9,Uniform,112.5
1,3,8,12,19,Uniform,227.5
1,1,4,4,13,Uniform,147.5
1,2,6,8,12,Uniform,122.5
1,8,2,8,7,Uniform,105
1,2,3,4,8,Uniform,118.97
1,2,7,9,10,Uniform,162.48
1,2,4,8,14,Uniform,160
1,3,4,8,21,Uniform,169.99
1,2,8,13,2,Uniform,179.99
1,2,6,8,22,Uniform,217.5
1,1,6,6,11,Uniform,102.5
1,4,5,113,11,Uniform,172.5
1,1,6,6,5,Uniform,152.48
1,2,6,6,15,Uniform,174.97
1,2,3,6,16,Uniform,120.65
1,3,1,7,9,Uniform,172.5
1,2,5,7,23,Uniform,167.51
1,2,5,5,4,Uniform,124.49
1,2,6,7,15,Uniform,148.77
1,3,5,8,20,Uniform,163
1,2,3,5,42,Uniform,688.23
1,2,4,9,8,Uniform,267.46
1,3,3,21,40,Uniform,419.84
1,2,5,7,16,Uniform,110
1,2,5,5,13,Uniform,122.52
1,2,4,6,20,Uniform,130
1,3,5,7,19,Uniform,184.5
1,5,6,7,37,Uniform,582.5
1,1,6,6,17,Favorite,269.21
1,3,12,19,13,Uniform,120
1,2,5,7,11,Uniform,160
1,1,7,7,4,Uniform,124.47
1,4,1,5,2,Uniform,185.89
1,3,5,8,9,Uniform,184.93
1,2,4,6,14,Uniform,165
1,3,5,22,10,Uniform,127.48
1,3,6,8,11,Uniform,154.05
1,2,5,7,14,Uniform,112.5
1,1,5,5,21,Uniform,167
1,1,5,5,31,Uniform,242.5
1,2,4,5,14,Uniform,103.01
1,1,6,6,15,Uniform,130.48
1,3,6,7,14,Uniform,104.5
1,3,4,10,8,Uniform,282.95
1,1,4,4,9,Uniform,105
1,2,5,7,12,Uniform,145
1,6,3,10,22,Uniform,195.75
1,2,4,6,14,Uniform,107.47
1,3,5,9,18,Uniform,182.5
1,2,5,5,24,Uniform,192.52
1,3,4,8,11,Uniform,122.51
1,3,6,10,39,Uniform,222.97
1,3,6,14,37,Uniform,260
1,2,5,8,6,Favorite,194.99
1,2,4,6,17,Uniform,130.04
1,2,5,7,14,Uniform,132.5
1,2,4,8,2,Uniform,155.95
1,3,4,8,27,Uniform,218.76
1,2,5,8,10,Uniform,102.57
1,2,4,7,14,Uniform,117.5
1,1,18,18,14,Uniform,122.5
1,2,5,8,5,Uniform,149.96
1,2,6,8,28,Uniform,212.5
1,3,4,7,18,Uniform,142.5
1,1,7,7,15,Uniform,118.41
1,1,4,4,18,Uniform,201.22
1,3,1,6,11,Uniform,135
1,1,7,7,20,Uniform,125.04
1,2,5,8,41,Uniform,235.01
1,1,5,5,19,Uniform,120.5
1,1,7,7,6,Uniform,105.48
1,3,4,8,17,Uniform,259.33
1,1,16,16,33,Uniform,262.5
1,2,4,5,5,Uniform,260.48
1,2,6,9,15,Uniform,117.51
1,2,5,8,21,Uniform,148.5
1,2,4,7,16,Uniform,157.5
1,2,2,4,12,Uniform,100
1,1,5,5,5,Uniform,140.64
1,2,4,6,9,Uniform,165
1,3,5,8,11,Uniform,111.25
1,2,3,7,25,Uniform,185
1,1,4,4,15,Uniform,137.5
1,2,6,9,14,Uniform,105
1,2,2,6,8,Uniform,126.16
1,4,3,13,4,Uniform,118.43
1,2,7,15,12,Uniform,115
1,5,2,11,21,Uniform,190
1,4,5,7,9,Uniform,147.7
1,3,5,9,10,Uniform,100
1,2,4,6,26,Uniform,250
1,3,3,10,10,Uniform,120
1,2,9,10,14,Uniform,137.5
1,1,6,6,10,Uniform,204.29
1,2,4,5,15,Uniform,102.49
1,1,5,5,11,Uniform,123.07
1,1,7,7,10,Uniform,108.39
1,1,5,5,26,Uniform,220
1,3,3,6,33,Uniform,181.26
1,2,3,6,18,Favorite,105
1,2,3,5,8,Uniform,424.94
1,2,5,8,14,Uniform,160.5
1,1,5,5,14,Uniform,107
1,1,4,4,5,Uniform,140.09
1,1,4,4,12,Uniform,135.02
1,6,1,5,9,Uniform,225.03
1,2,7,7,17,Uniform,257.5
1,2,4,8,14,Uniform,102.51
1,2,4,6,13,Uniform,155
1,3,2,6,16,Uniform,125
1,2,4,6,18,Uniform,242.5
1,1,7,7,5,Uniform,115.16
1,3,3,9,10,Uniform,100.02
1,2,5,7,36,Uniform,385.38
1,1,6,6,16,Uniform,192.98
1,1,7,7,12,Uniform,120
1,1,5,5,43,Uniform,310
1,4,6,8,11,Uniform,112.48
1,1,7,7,12,Uniform,142.49
1,2,5,9,20,Uniform,162.51
1,3,3,11,11,Uniform,112.5
1,3,3,10,25,Uniform,155.5
1,1,4,4,15,Uniform,120
1,2,4,6,16,Uniform,201.97
1,2,6,9,10,Favorite,135
1,1,5,5,4,Uniform,138.13
1,2,6,10,2,Uniform,177.49
1,2,7,10,0,Favorite,199.99
1,4,4,12,6,Uniform,109.99
1,3,3,7,44,Uniform,435.01
1,2,3,6,20,Uniform,132.5
1,4,7,15,0,Uniform,203.86
1,2,7,7,13,Uniform,239.3
1,1,5,5,23,Uniform,220
1,2,4,5,12,Uniform,170
1,1,5,5,19,Uniform,115
1,3,3,8,25,Uniform,152.5
1,1,7,7,24,Uniform,120
1,2,5,8,22,Uniform,110
1,1,6,6,10,Uniform,122.5
1,3,4,7,17,Uniform,157.51
1,2,4,6,13,Uniform,143.49
1,2,4,6,19,Uniform,122.5
1,2,3,7,31,Uniform,247.58
1,4,5,16,7,Uniform,238.25
1,3,6,11,16,Uniform,287.32
1,4,2,5,25,Uniform,229.97
1,2,4,6,17,Uniform,122.5
1,2,2,5,17,Uniform,120
1,2,4,6,1,Uniform,169.99
1,1,5,5,11,Uniform,308.96
1,2,2,4,11,Uniform,112.5
1,2,5,6,6,Uniform,105
1,4,6,9,15,Uniform,160
1,1,5,5,6,Uniform,105
1,1,8,8,0,Uniform,126.35
1,1,4,4,11,Uniform,100
1,2,2,6,14,Uniform,138
1,2,4,7,2,Uniform,218.21
1,3,2,6,5,Uniform,124.35
1,1,10,10,13,Uniform,187.5
1,2,4,6,13,Uniform,115
1,2,3,6,14,Uniform,115.75
1,1,4,4,5,Favorite,206.79
1,1,5,5,9,Uniform,105
1,2,5,5,31,Uniform,327.5
1,2,6,7,8,Uniform,100
1,3,4,8,5,Uniform,118.21
1,3,4,8,37,Uniform,206.41
1,2,8,9,16,Uniform,143.23
1,2,4,12,8,Uniform,106.25
1,1,6,6,11,Uniform,125.01
1,2,9,9,12,Uniform,106
1,3,5,8,20,Uniform,212.5
1,1,8,8,27,Uniform,418.6
1,2,5,6,19,Uniform,152.81
1,1,4,4,10,Uniform,219.99
1,2,6,8,19,Uniform,205
1,2,5,5,36,Uniform,254.05
1,2,2,5,17,Uniform,105
1,2,3,5,5,Uniform,402.42
1,2,4,5,11,Uniform,107.49
1,1,7,7,2,Uniform,224.99
1,1,6,6,7,Uniform,111.73
1,3,3,6,53,Uniform,342.5
1,3,4,8,34,Uniform,145
1,2,5,5,8,Uniform,100.48
1,2,4,7,23,Uniform,165
1,4,6,12,21,Uniform,177.16
1,1,5,5,14,Uniform,152.25
1,5,4,11,12,Uniform,127.5
1,2,6,7,16,Uniform,162.5
1,1,5,5,26,Uniform,148.75
1,3,7,8,8,Uniform,290.85
1,1,6,6,25,Uniform,152.5
1,2,2,5,9,Uniform,100
1,1,7,7,4,Uniform,117.47
1,2,4,6,22,Uniform,217.46
1,1,7,7,10,Uniform,130
1,9,5,11,6,Uniform,100
1,1,6,6,32,Uniform,323.15
1,1,4,4,22,Uniform,166
1,2,5,7,15,Uniform,102.52
1,2,4,6,115,Uniform,990.56
1,2,4,5,12,Uniform,112.5
1,2,2,3,14,Uniform,112.52
1,1,6,6,37,Uniform,226.26
1,1,5,5,14,Uniform,115
1,4,5,22,2,Uniform,142.16
1,2,5,6,21,Uniform,137.51
1,3,3,5,16,Uniform,135
1,2,3,4,39,Uniform,192.52
1,2,4,7,29,Uniform,176.99
1,2,3,5,27,Uniform,247.25
1,2,5,7,20,Uniform,210.96
1,3,2,5,13,Uniform,182.52
1,2,4,6,13,Uniform,145
1,2,6,7,16,Favorite,137.5
1,2,4,5,12,Uniform,246.6
1,3,4,14,13,Uniform,132.5
1,1,7,7,8,Uniform,115
1,3,3,6,25,Uniform,189
1,1,8,8,6,Uniform,225
1,2,5,5,21,Uniform,272.5
1,1,8,8,10,Uniform,102.5
1,2,9,11,15,Uniform,185.48
1,3,4,7,18,Uniform,122.5
1,3,4,9,17,Uniform,132.5
1,2,5,7,8,Uniform,116.65
1,2,4,5,16,Uniform,404.97
1,1,6,6,31,Uniform,359.15
1,3,6,19,10,Uniform,163.46
1,2,3,8,21,Uniform,186
1,1,8,8,16,Uniform,120.53
1,2,6,6,30,Uniform,667.31
1,2,5,7,2,Uniform,179.99
1,2,3,6,9,Uniform,110
1,5,4,8,23,Uniform,187.49
1,2,5,7,0,Uniform,135.92
1,3,5,7,20,Uniform,202.53
1,3,5,8,17,Uniform,127.5
1,2,2,4,29,Uniform,157.25
1,2,3,6,8,Uniform,107.49
1,3,3,7,15,Uniform,127.5
1,3,3,7,29,Uniform,296.87
1,1,5,5,11,Uniform,132.5
1,3,5,7,10,Uniform,125
1,1,7,7,10,Uniform,115.01
1,1,6,6,17,Uniform,205.01
1,2,3,6,13,Uniform,130.01
1,1,6,6,12,Uniform,116.25
1,2,6,7,10,Uniform,115.98
1,3,4,8,17,Uniform,209.99
1,2,4,7,12,Uniform,308.27
1,2,3,5,9,Uniform,114.98
1,2,6,8,16,Uniform,130
1,1,6,6,25,Uniform,152.26
1,2,4,7,17,Uniform,170
1,2,5,6,24,Uniform,390.17
1,3,8,8,0,Uniform,124.98
1,3,6,8,9,Uniform,107.14
1,2,4,6,19,Uniform,135.02
1,1,4,4,8,Uniform,112.49
1,1,8,8,2,Uniform,258.72
1,1,5,5,12,Uniform,117.5
1,1,7,7,16,Uniform,130
1,3,4,14,3,Uniform,187.31
1,3,2,7,10,Uniform,164.9
1,1,6,6,10,Uniform,172.99
1,1,4,4,5,Uniform,189.99
1,2,5,9,19,Uniform,156
1,2,4,7,24,Uniform,180
1,3,3,5,9,Uniform,180.48
1,2,2,5,1,Uniform,100.73
1,1,5,5,12,Favorite,140
1,2,3,4,16,Uniform,135
1,2,4,5,14,Uniform,170
1,1,7,7,5,Uniform,117.18
1,2,4,6,11,Uniform,127.52
1,2,3,5,15,Uniform,296.25
1,2,6,6,8,Uniform,135
1,2,3,6,15,Uniform,195
1,3,5,7,9,Uniform,130
1,3,4,11,14,Uniform,179.98
1,2,5,8,6,Uniform,102.5
1,2,4,7,19,Uniform,293.49
1,1,4,4,6,Uniform,183.48
1,2,2,6,10,Uniform,100.01
1,2,4,7,12,Uniform,219.85
1,4,4,7,7,Uniform,271.58
1,1,8,8,13,Uniform,180
1,2,5,8,18,Uniform,182.49
1,1,5,5,11,Uniform,160.45
1,3,3,7,21,Uniform,172.5
1,1,5,5,3,Uniform,148.3
1,5,4,10,22,Uniform,120.02
1,4,4,6,27,Uniform,187.51
1,1,7,7,14,Uniform,304.98
1,1,5,5,13,Uniform,125
1,2,5,5,56,Uniform,515.64
1,2,2,5,13,Uniform,147.98
1,4,2,8,16,Uniform,127.5
1,2,4,5,35,Uniform,120.01
1,2,4,7,15,Uniform,105
1,2,4,5,18,Uniform,147.49
1,3,5,7,11,Uniform,155.98
1,1,8,8,12,Uniform,100
1,1,7,7,10,Uniform,100
2,5,3,10,18,Uniform,234.94
1,3,4,9,9,Uniform,117.5
1,6,3,7,31,Uniform,452.2
1,3,6,13,20,Uniform,137.5
1,2,3,5,11,Uniform,137.5
1,1,6,6,11,Uniform,110
1,4,3,8,18,Uniform,191.73
1,3,4,9,13,Uniform,137.5
1,2,5,8,10,Uniform,100
1,1,8,8,0,Uniform,176.39
1,2,6,8,21,Uniform,137.5
1,3,3,8,11,Uniform,147.5
1,2,4,7,19,Uniform,122.5
1,1,5,5,15,Uniform,159.99
1,2,5,5,12,Uniform,130.01
1,2,3,4,24,Uniform,180
1,2,4,5,29,Uniform,232.5
1,2,5,7,4,Uniform,366.79
1,2,4,6,18,Uniform,117.5
1,2,3,5,33,Uniform,252.49
2,2,5,7,19,Uniform,207.88
1,2,4,5,11,Uniform,138.95
1,2,4,7,30,Uniform,262.53
1,2,6,11,15,Uniform,100
1,1,5,5,17,Uniform,125.49
1,2,6,10,21,Uniform,207.5
1,1,5,5,11,Uniform,112.49
1,5,1,11,25,Uniform,130.01
1,2,3,4,24,Uniform,124.99
1,2,4,7,18,Uniform,170
1,2,5,7,30,Uniform,306.44
1,2,4,7,29,Uniform,357.96
1,2,6,6,34,Uniform,357.5
1,1,6,6,14,Uniform,104.75
1,2,3,6,18,Uniform,100
1,2,4,7,2,Uniform,179.99
1,2,5,8,13,Uniform,102.47
1,3,8,8,9,Uniform,112.5
1,4,5,8,5,Uniform,100
1,2,4,7,14,Uniform,152.49
1,1,7,7,11,Uniform,137.5
1,1,8,8,14,Uniform,148.75
1,2,3,4,25,Favorite,130
1,2,5,12,23,Uniform,245.03
1,2,4,7,14,Uniform,105
1,2,4,6,15,Uniform,105
1,1,4,4,15,Uniform,135
1,1,5,5,3,Uniform,242.43
1,1,6,6,11,Uniform,100
1,9,3,12,28,Uniform,337.5
1,1,6,6,2,Uniform,121.13
1,3,4,12,17,Uniform,133.5
1,1,6,6,6,Uniform,123.74
1,4,8,8,18,Uniform,215
1,2,4,6,17,Uniform,148.75
1,2,5,7,21,Uniform,140
1,1,8,8,19,Uniform,205
1,1,6,6,10,Uniform,138.37
1,1,5,5,17,Uniform,109.98
1,1,6,6,15,Uniform,115
1,1,7,7,2,Uniform,104.46
1,2,7,8,12,Uniform,118.5
1,2,4,5,16,Uniform,155
1,4,3,6,20,Uniform,134.76
1,2,4,6,13,Uniform,105
1,2,6,10,16,Uniform,135.01
1,2,3,7,6,Uniform,102.5
1,2,5,7,9,Uniform,100
1,3,4,9,12,Uniform,156.33
1,2,7,8,6,Uniform,160
1,2,2,5,18,Uniform,181.16
1,3,4,9,14,Uniform,112.5
1,1,7,7,20,Uniform,213.5
1,2,6,6,24,Uniform,107.52
1,4,3,7,11,Uniform,110
1,3,6,12,30,Uniform,148.76
1,1,7,7,14,Uniform,102.5
1,1,7,7,11,Uniform,100.01
1,2,5,6,10,Uniform,117.5
1,1,5,5,7,Uniform,124.21
1,2,6,17,11,Uniform,117.5
1,1,7,7,10,Uniform,135
1,2,4,7,12,Uniform,130.65
1,2,3,5,0,Uniform,169.95
1,1,5,5,17,Favorite,177.5
1,1,5,5,15,Uniform,120
1,1,5,5,0,Favorite,204.07
1,1,6,6,13,Uniform,189.99
1,4,4,13,9,Uniform,200.92
2,2,3,8,8,Uniform,117.64
1,1,6,6,17,Uniform,332.09
1,2,2,6,16,Uniform,122.75
1,2,7,9,0,Uniform,263.76
1,1,6,6,23,Uniform,478.65
1,1,6,6,13,Uniform,119.98
1,2,1,6,9,Uniform,101.73
1,2,2,6,14,Uniform,105
1,2,4,6,19,Uniform,281.46
1,3,5,8,18,Uniform,140
1,1,6,6,15,Uniform,132.5
1,2,4,5,14,Uniform,110
1,1,6,6,16,Uniform,105
1,2,7,10,9,Uniform,105
1,1,7,7,9,Uniform,100
1,1,6,6,9,Uniform,276.79
1,2,8,8,15,Favorite,115
1,3,3,20,20,Uniform,190.03
1,2,4,6,10,Uniform,100
1,3,3,6,11,Uniform,253.7
1,1,6,6,21,Uniform,165
1,1,4,4,19,Uniform,105
1,2,2,6,29,Uniform,190.02
1,2,3,7,15,Uniform,230.22
1,3,4,6,18,Uniform,206.82
1,2,6,7,36,Uniform,392.4
1,2,3,5,21,Uniform,182.52
1,1,7,7,12,Uniform,107.5
1,1,5,5,25,Uniform,142.52
1,2,5,10,5,Favorite,197.49
1,2,4,7,18,Uniform,579.15
1,3,7,8,13,Uniform,111.24
1,2,4,6,19,Uniform,135
1,1,7,7,12,Uniform,222.49
1,2,5,7,15,Uniform,162.52
1,2,5,8,20,Uniform,165
2,3,3,6,13,Uniform,113.9
1,4,4,7,1,Uniform,356.96
1,2,6,6,23,Uniform,195.27
1,3,3,8,23,Uniform,242.5
1,2,3,5,7,Uniform,227.49
1,3,3,8,16,Uniform,105
1,2,4,6,19,Uniform,105
1,1,5,5,16,Uniform,110.01
1,1,6,6,20,Uniform,145
1,3,4,6,15,Uniform,117.5
1,3,1,5,20,Favorite,287.48
1,3,3,5,22,Uniform,207.56
1,1,3,3,21,Uniform,152.5
1,2,4,6,21,Uniform,115.01
1,5,1,6,19,Uniform,161.23
1,2,3,5,30,Uniform,151.75
1,3,2,20,17,Uniform,125
1,1,8,8,15,Uniform,222.5
1,2,2,5,13,Uniform,240
1,2,6,6,14,Uniform,461.67
1,5,3,9,26,Uniform,147.52
1,5,1,13,13,Uniform,300
1,2,3,5,8,Uniform,118.66
1,1,5,5,27,Uniform,231.21
1,2,4,6,11,Uniform,105.01
1,4,4,7,5,Uniform,188.91
1,1,5,5,0,Uniform,205.97
1,1,6,6,7,Uniform,107.5
1,1,5,5,13,Uniform,100
1,5,5,7,19,Uniform,110
1,2,4,6,17,Uniform,115
1,2,4,7,15,Uniform,117.51
1,1,6,6,12,Uniform,172.5
1,1,6,6,1,Favorite,222.96
1,1,5,5,6,Uniform,115.93
1,1,6,6,23,Uniform,249.96
1,2,7,8,10,Uniform,175.51
1,3,2,6,20,Uniform,117.26
1,2,5,7,29,Uniform,261.29
1,1,4,4,26,Uniform,205
1,2,4,6,16,Uniform,132.5
1,2,2,5,13,Uniform,223.23
1,2,5,7,16,Uniform,120
1,2,6,7,18,Uniform,161.5
1,3,2,6,25,Uniform,137.5
